_key,_from,_to,predicate,level,order,branch
XXX,terms/:type:domain:object,terms/:type:domain,terms/:predicate:enum-of,,1,terms/:type:domain
XXX,terms/:type:domain:object,terms/:enum:domain,terms/:predicate:category-of,,1,terms/:enum:domain
XXX,terms/:domain:sys,terms/:type:domain:object,terms/:predicate:enum-of,,2,terms/:enum:domain
XXX,terms/:domain:auth,terms/:type:domain:object,terms/:predicate:enum-of,,3,terms/:enum:domain
XXX,terms/:domain:dict,terms/:type:domain:object,terms/:predicate:enum-of,,4,terms/:enum:domain
XXX,terms/:domain:geo,terms/:type:domain:object,terms/:predicate:enum-of,,5,terms/:enum:domain
XXX,terms/:domain:study,terms/:type:domain:object,terms/:predicate:enum-of,,6,terms/:enum:domain
XXX,terms/:domain:dataset,terms/:type:domain:object,terms/:predicate:enum-of,,7,terms/:enum:domain
XXX,terms/:domain:survey,terms/:domain:dataset,terms/:predicate:enum-of,,8,terms/:enum:domain
XXX,terms/:type:instance:term,terms/:type:instance,terms/:predicate:enum-of,,1,terms/:type:instance
XXX,terms/:type:instance:descriptor,terms/:type:instance,terms/:predicate:enum-of,,2,terms/:type:instance
XXX,terms/:type:instance:edge,terms/:type:instance,terms/:predicate:enum-of,,3,terms/:type:instance
XXX,terms/:type:instance:geo,terms/:type:instance,terms/:predicate:enum-of,,4,terms/:type:instance
XXX,terms/:type:instance:user,terms/:type:instance,terms/:predicate:enum-of,,5,terms/:type:instance
XXX,terms/:type:instance:system,terms/:type:instance,terms/:predicate:enum-of,,6,terms/:type:instance
XXX,terms/:type:instance:data,terms/:type:instance,terms/:predicate:enum-of,,7,terms/:type:instance
XXX,terms/:type:instance:term,terms/:enum:instance,terms/:predicate:category-of,,1,terms/:enum:instance
XXX,terms/:type:instance:descriptor,terms/:enum:instance,terms/:predicate:category-of,,2,terms/:enum:instance
XXX,terms/:type:instance:edge,terms/:enum:instance,terms/:predicate:category-of,,3,terms/:enum:instance
XXX,terms/:type:instance:geo,terms/:enum:instance,terms/:predicate:category-of,,4,terms/:enum:instance
XXX,terms/:type:instance:user,terms/:enum:instance,terms/:predicate:category-of,,5,terms/:enum:instance
XXX,terms/:type:instance:system,terms/:enum:instance,terms/:predicate:category-of,,6,terms/:enum:instance
XXX,terms/:type:instance:data,terms/:enum:instance,terms/:predicate:category-of,,7,terms/:enum:instance
XXX,terms/:instance:namespace,terms/:type:instance:term,terms/:predicate:enum-of,,1,terms/:enum:instance
XXX,terms/:instance:template,terms/:type:instance:term,terms/:predicate:enum-of,,2,terms/:enum:instance
XXX,terms/:instance:enumeration,terms/:type:instance:term,terms/:predicate:enum-of,,3,terms/:enum:instance
XXX,terms/:instance:selection,terms/:type:instance:term,terms/:predicate:enum-of,,4,terms/:enum:instance
XXX,terms/:instance:category,terms/:type:instance:term,terms/:predicate:enum-of,,5,terms/:enum:instance
XXX,terms/:instance:collection,terms/:type:instance:term,terms/:predicate:enum-of,,6,terms/:enum:instance
XXX,terms/:instance:instance,terms/:type:instance:term,terms/:predicate:enum-of,,7,terms/:enum:instance
XXX,terms/:instance:type,terms/:type:instance:term,terms/:predicate:enum-of,,8,terms/:enum:instance
XXX,terms/:instance:type:text,terms/:type:instance:term,terms/:predicate:enum-of,,9,terms/:enum:instance
XXX,terms/:instance:type:quant,terms/:type:instance:term,terms/:predicate:enum-of,,10,terms/:enum:instance
XXX,terms/:instance:predicate,terms/:type:instance:term,terms/:predicate:enum-of,,11,terms/:enum:instance
XXX,terms/:instance:class,terms/:type:instance:term,terms/:predicate:enum-of,,12,terms/:enum:instance
XXX,terms/:instance:struct,terms/:type:instance:term,terms/:predicate:enum-of,,13,terms/:enum:instance
XXX,terms/:instance:form,terms/:type:instance:term,terms/:predicate:enum-of,,14,terms/:enum:instance
XXX,terms/:instance:field,terms/:type:instance:descriptor,terms/:predicate:enum-of,,1,terms/:enum:instance
XXX,terms/:instance:field:txt,terms/:type:instance:descriptor,terms/:predicate:enum-of,,2,terms/:enum:instance
XXX,terms/:instance:field:key,terms/:type:instance:descriptor,terms/:predicate:enum-of,,3,terms/:enum:instance
XXX,terms/:instance:field:iaddr,terms/:type:instance:descriptor,terms/:predicate:enum-of,,4,terms/:enum:instance
XXX,terms/:instance:field:enc,terms/:type:instance:descriptor,terms/:predicate:enum-of,,5,terms/:enum:instance
XXX,terms/:instance:field:hex,terms/:type:instance:descriptor,terms/:predicate:enum-of,,6,terms/:enum:instance
XXX,terms/:instance:field:date,terms/:type:instance:descriptor,terms/:predicate:enum-of,,7,terms/:enum:instance
XXX,terms/:instance:field:num,terms/:type:instance:descriptor,terms/:predicate:enum-of,,8,terms/:enum:instance
XXX,terms/:instance:field:bool,terms/:type:instance:descriptor,terms/:predicate:enum-of,,9,terms/:enum:instance
XXX,terms/:instance:field:range,terms/:type:instance:descriptor,terms/:predicate:enum-of,,10,terms/:enum:instance
XXX,terms/:instance:field:ref,terms/:type:instance:descriptor,terms/:predicate:enum-of,,11,terms/:enum:instance
XXX,terms/:instance:field:ref:term,terms/:type:instance:descriptor,terms/:predicate:enum-of,,12,terms/:enum:instance
XXX,terms/:instance:field:ref:field,terms/:type:instance:descriptor,terms/:predicate:enum-of,,13,terms/:enum:instance
XXX,terms/:instance:field:array,terms/:type:instance:descriptor,terms/:predicate:enum-of,,14,terms/:enum:instance
XXX,terms/:instance:field:struct,terms/:type:instance:descriptor,terms/:predicate:enum-of,,15,terms/:enum:instance
XXX,terms/:instance:field:map,terms/:type:instance:descriptor,terms/:predicate:enum-of,,16,terms/:enum:instance
XXX,terms/:instance:schema,terms/:type:instance:edge,terms/:predicate:enum-of,,1,terms/:enum:instance
XXX,terms/:instance:schema:attribute,terms/:instance:schema,terms/:predicate:enum-of,,2,terms/:enum:instance
XXX,terms/:instance:schema:branch,terms/:instance:schema,terms/:predicate:enum-of,,3,terms/:enum:instance
XXX,terms/:instance:edge,terms/:type:instance:edge,terms/:predicate:enum-of,,1,terms/:enum:instance
XXX,terms/:instance:edge:attribute,terms/:instance:edge,terms/:predicate:enum-of,,2,terms/:enum:instance
XXX,terms/:instance:edge:branch,terms/:instance:edge,terms/:predicate:enum-of,,3,terms/:enum:instance
XXX,terms/:instance:link,terms/:type:instance:edge,terms/:predicate:enum-of,,1,terms/:enum:instance
XXX,terms/:instance:link:attribute,terms/:instance:link,terms/:predicate:enum-of,,2,terms/:enum:instance
XXX,terms/:instance:link:branch,terms/:instance:link,terms/:predicate:enum-of,,3,terms/:enum:instance
XXX,terms/:instance:user,terms/:type:instance:user,terms/:predicate:enum-of,,1,terms/:enum:instance
XXX,terms/:instance:manager,terms/:type:instance:user,terms/:predicate:enum-of,,2,terms/:enum:instance
XXX,terms/:instance:group,terms/:type:instance:user,terms/:predicate:enum-of,,3,terms/:enum:instance
XXX,terms/:instance:session,terms/:type:instance:user,terms/:predicate:enum-of,,4,terms/:enum:instance
XXX,terms/:instance:log,terms/:type:instance:user,terms/:predicate:enum-of,,5,terms/:enum:instance
XXX,terms/:instance:message,terms/:type:instance:system,terms/:predicate:enum-of,,1,terms/:enum:instance
XXX,terms/:instance:setting,terms/:type:instance:system,terms/:predicate:enum-of,,2,terms/:enum:instance
XXX,terms/:instance:study,terms/:type:instance:data,terms/:predicate:enum-of,,3,terms/:enum:instance
XXX,terms/:instance:annex,terms/:type:instance:data,terms/:predicate:enum-of,,4,terms/:enum:instance
XXX,terms/:instance:smart,terms/:type:instance:data,terms/:predicate:enum-of,,5,terms/:enum:instance
XXX,terms/:type:collection:document,terms/:type:collection,terms/:predicate:enum-of,,1,terms/:type:collection
XXX,terms/:type:collection:edge,terms/:type:collection,terms/:predicate:enum-of,,2,terms/:type:collection
XXX,terms/:domain:dict,terms/:enum:collection,terms/:predicate:category-of,,1,terms/:enum:collection
XXX,terms/:collection:terms,terms/:domain:dict,terms/:predicate:enum-of,,2,terms/:enum:collection
XXX,terms/:collection:descriptors,terms/:domain:dict,terms/:predicate:enum-of,,3,terms/:enum:collection
XXX,terms/:collection:schemas,terms/:domain:dict,terms/:predicate:enum-of,,4,terms/:enum:collection
XXX,terms/:collection:hierarchies,terms/:domain:dict,terms/:predicate:enum-of,,5,terms/:enum:collection
XXX,terms/:domain:geo,terms/:enum:collection,terms/:predicate:category-of,,1,terms/:enum:collection
XXX,terms/:collection:toponyms,terms/:domain:geo,terms/:predicate:enum-of,,2,terms/:enum:collection
XXX,terms/:collection:shapes,terms/:domain:geo,terms/:predicate:enum-of,,3,terms/:enum:collection
XXX,terms/:collection:edges,terms/:domain:geo,terms/:predicate:enum-of,,4,terms/:enum:collection
XXX,terms/:domain:auth,terms/:enum:collection,terms/:predicate:category-of,,1,terms/:enum:collection
XXX,terms/:collection:users,terms/:domain:auth,terms/:predicate:enum-of,,2,terms/:enum:collection
XXX,terms/:collection:groups,terms/:domain:auth,terms/:predicate:enum-of,,3,terms/:enum:collection
XXX,terms/:collection:sessions,terms/:domain:auth,terms/:predicate:enum-of,,4,terms/:enum:collection
XXX,terms/:domain:sys,terms/:enum:collection,terms/:predicate:category-of,,1,terms/:enum:collection
XXX,terms/:collection:settings,terms/:domain:sys,terms/:predicate:enum-of,,2,terms/:enum:collection
XXX,terms/:collection:messages,terms/:domain:sys,terms/:predicate:enum-of,,3,terms/:enum:collection
XXX,terms/:collection:logs,terms/:domain:sys,terms/:predicate:enum-of,,5,terms/:enum:collection
XXX,terms/:domain:study,terms/:enum:collection,terms/:predicate:category-of,,1,terms/:enum:collection
XXX,terms/:collection:studies,terms/:domain:study,terms/:predicate:enum-of,,2,terms/:enum:collection
XXX,terms/:collection:annexes,terms/:domain:study,terms/:predicate:enum-of,,3,terms/:enum:collection
XXX,terms/:collection:links,terms/:domain:study,terms/:predicate:enum-of,,4,terms/:enum:collection
XXX,terms/:domain:survey,terms/:enum:collection,terms/:predicate:category-of,,1,terms/:enum:collection
XXX,terms/:collection:smart,terms/:domain:survey,terms/:predicate:enum-of,,2,terms/:enum:collection
XXX,terms/:kind:data:qualitative,terms/:kind:data,terms/:predicate:enum-of,,1,terms/:kind:data
XXX,terms/:kind:data:categorical,terms/:kind:data,terms/:predicate:enum-of,,2,terms/:kind:data
XXX,terms/:kind:data:ordinal,terms/:kind:data,terms/:predicate:enum-of,,3,terms/:kind:data
XXX,terms/:kind:data:discrete,terms/:kind:data,terms/:predicate:enum-of,,4,terms/:kind:data
XXX,terms/:kind:data:quantitative,terms/:kind:data,terms/:predicate:enum-of,,5,terms/:kind:data
XXX,terms/:type:scalar,terms/:type:data,terms/:predicate:category-of,,1,terms/:type:data
XXX,terms/:type:container,terms/:type:data,terms/:predicate:category-of,,2,terms/:type:data
XXX,terms/:type:data:any,terms/:type:scalar,terms/:predicate:enum-of,,1,terms/:type:data
XXX,terms/:type:data:bool,terms/:type:scalar,terms/:predicate:enum-of,,2,terms/:type:data
XXX,terms/:type:data:numeric,terms/:type:scalar,terms/:predicate:enum-of,,3,terms/:type:data
XXX,terms/:type:data:text,terms/:type:scalar,terms/:predicate:enum-of,,4,terms/:type:data
XXX,terms/:type:value:ref:id,terms/:type:scalar,terms/:predicate:enum-of,,5,terms/:type:data
XXX,terms/:type:data:list,terms/:type:container,terms/:predicate:enum-of,,1,terms/:type:data
XXX,terms/:type:value:set,terms/:type:container,terms/:predicate:enum-of,,2,terms/:type:data
XXX,terms/:type:data:struct,terms/:type:container,terms/:predicate:enum-of,,3,terms/:type:data
XXX,terms/:type:data:object,terms/:type:container,terms/:predicate:enum-of,,4,terms/:type:data
XXX,terms/:type:scalar,terms/:type:value,terms/:predicate:category-of,,1,terms/:type:value
XXX,terms/:type:data:any,terms/:type:scalar,terms/:predicate:enum-of,,1,terms/:type:value
XXX,terms/:type:data:bool,terms/:type:scalar,terms/:predicate:enum-of,,2,terms/:type:value
XXX,terms/:type:data:text,terms/:type:scalar,terms/:predicate:enum-of,,3,terms/:type:value
XXX,terms/:type:value:hex,terms/:type:data:text,terms/:predicate:enum-of,,1,terms/:type:value
XXX,terms/:type:value:url,terms/:type:data:text,terms/:predicate:enum-of,,2,terms/:type:value
XXX,terms/:type:value:xml,terms/:type:data:text,terms/:predicate:enum-of,,3,terms/:type:value
XXX,terms/:type:value:svg,terms/:type:value:xml,terms/:predicate:enum-of,,1,terms/:type:value
XXX,terms/:type:value:html,terms/:type:value:xml,terms/:predicate:enum-of,,2,terms/:type:value
XXX,terms/:type:value:str,terms/:type:data:text,terms/:predicate:enum-of,,4,terms/:type:value
XXX,terms/:type:value:key,terms/:type:value:str,terms/:predicate:enum-of,,1,terms/:type:value
XXX,terms/:type:value:lid,terms/:type:value:str,terms/:predicate:enum-of,,2,terms/:type:value
XXX,terms/:type:value:var,terms/:type:value:str,terms/:predicate:enum-of,,3,terms/:type:value
XXX,terms/:type:value:email,terms/:type:value:str,terms/:predicate:enum-of,,4,terms/:type:value
XXX,terms/:type:data:numeric,terms/:type:scalar,terms/:predicate:enum-of,,4,terms/:type:value
XXX,terms/:type:value:int,terms/:type:data:numeric,terms/:predicate:enum-of,,1,terms/:type:value
XXX,terms/:type:value:size,terms/:type:scalar,terms/:predicate:enum-of,,5,terms/:type:value
XXX,terms/:type:value:range,terms/:type:scalar,terms/:predicate:enum-of,,6,terms/:type:value
XXX,terms/:type:value:date,terms/:type:scalar,terms/:predicate:enum-of,,7,terms/:type:value
XXX,terms/:type:value:stamp,terms/:type:scalar,terms/:predicate:enum-of,,8,terms/:type:value
XXX,terms/:type:value:ref:id,terms/:type:scalar,terms/:predicate:enum-of,,9,terms/:type:value
XXX,terms/:type:value:ref:key,terms/:type:scalar,terms/:predicate:enum-of,,10,terms/:type:value
XXX,terms/:type:value:term,terms/:type:value:ref:key,terms/:predicate:enum-of,,1,terms/:type:value
XXX,terms/:type:value:enum,terms/:type:value:ref:key,terms/:predicate:enum-of,,2,terms/:type:value
XXX,terms/:type:value:field,terms/:type:value:ref:key,terms/:predicate:enum-of,,3,terms/:type:value
XXX,terms/:type:container,terms/:type:value,terms/:predicate:category-of,,2,terms/:type:value
XXX,terms/:type:data:list,terms/:type:container,terms/:predicate:enum-of,,1,terms/:type:value
XXX,terms/:type:value:set,terms/:type:container,terms/:predicate:enum-of,,2,terms/:type:value
XXX,terms/:type:value:str:set,terms/:type:value:set,terms/:predicate:enum-of,,1,terms/:type:value
XXX,terms/:type:data:struct,terms/:type:container,terms/:predicate:enum-of,,3,terms/:type:value
XXX,terms/:type:data:object,terms/:type:container,terms/:predicate:enum-of,,4,terms/:type:value
XXX,terms/:type:value:geojson,terms/:type:container,terms/:predicate:enum-of,,5,terms/:type:value
XXX,terms/:type:value,terms/:type:data:any,terms/:predicate:type-of,,,terms/:type:data:any
XXX,terms/:type:value,terms/:type:data:bool,terms/:predicate:type-of,,,terms/:type:data:bool
XXX,terms/:type:value,terms/:type:data:text,terms/:predicate:type-of,,,terms/:type:data:text
XXX,terms/:type:value,terms/:type:data:numeric,terms/:predicate:type-of,,,terms/:type:data:numeric
XXX,terms/:type:value,terms/:type:data:list,terms/:predicate:type-of,,,terms/:type:data:list
XXX,terms/:type:value,terms/:type:data:struct,terms/:predicate:type-of,,,terms/:type:data:struct
XXX,terms/:type:value,terms/:type:data:object,terms/:predicate:type-of,,,terms/:type:data:object
XXX,terms/:type:value,terms/:type:data:list,terms/:predicate:type-of,,,terms/:type:value:set
XXX,terms/:type:data:list,terms/:type:value:set,terms/:predicate:type-of,,,terms/:type:value:set
XXX,terms/:type:value,terms/:type:data:text,terms/:predicate:type-of,,,terms/:type:value:hex
XXX,terms/:type:data:text,terms/:type:value:hex,terms/:predicate:type-of,,,terms/:type:value:hex
XXX,terms/:type:value,terms/:type:data:text,terms/:predicate:type-of,,,terms/:type:value:url
XXX,terms/:type:data:text,terms/:type:value:url,terms/:predicate:type-of,,,terms/:type:value:url
XXX,terms/:type:value,terms/:type:data:text,terms/:predicate:type-of,,,terms/:type:value:xml
XXX,terms/:type:data:text,terms/:type:value:xml,terms/:predicate:type-of,,,terms/:type:value:xml
XXX,terms/:type:value,terms/:type:data:text,terms/:predicate:type-of,,,terms/:type:value:svg
XXX,terms/:type:data:text,terms/:type:value:xml,terms/:predicate:type-of,,,terms/:type:value:svg
XXX,terms/:type:value:xml,terms/:type:value:svg,terms/:predicate:type-of,,,terms/:type:value:svg
XXX,terms/:type:value,terms/:type:data:text,terms/:predicate:type-of,,,terms/:type:value:html
XXX,terms/:type:data:text,terms/:type:value:xml,terms/:predicate:type-of,,,terms/:type:value:html
XXX,terms/:type:value:xml,terms/:type:value:html,terms/:predicate:type-of,,,terms/:type:value:html
XXX,terms/:type:value,terms/:type:data:text,terms/:predicate:type-of,,,terms/:type:value:str
XXX,terms/:type:data:text,terms/:type:value:str,terms/:predicate:type-of,,,terms/:type:value:str
XXX,terms/:type:value,terms/:type:data:text,terms/:predicate:type-of,,,terms/:type:value:key
XXX,terms/:type:data:text,terms/:type:value:str,terms/:predicate:type-of,,,terms/:type:value:key
XXX,terms/:type:value:str,terms/:type:value:key,terms/:predicate:type-of,,,terms/:type:value:key
XXX,terms/:type:value,terms/:type:data:text,terms/:predicate:type-of,,,terms/:type:value:var
XXX,terms/:type:data:text,terms/:type:value:str,terms/:predicate:type-of,,,terms/:type:value:var
XXX,terms/:type:value:str,terms/:type:value:var,terms/:predicate:type-of,,,terms/:type:value:var
XXX,terms/:type:value,terms/:type:data:text,terms/:predicate:type-of,,,terms/:type:value:lid
XXX,terms/:type:data:text,terms/:type:value:str,terms/:predicate:type-of,,,terms/:type:value:lid
XXX,terms/:type:value:str,terms/:type:value:lid,terms/:predicate:type-of,,,terms/:type:value:lid
XXX,terms/:type:value,terms/:type:data:text,terms/:predicate:type-of,,,terms/:type:value:date
XXX,terms/:type:data:text,terms/:type:value:str,terms/:predicate:type-of,,,terms/:type:value:date
XXX,terms/:type:value:str,terms/:type:value:date,terms/:predicate:type-of,,,terms/:type:value:date
XXX,terms/:type:value,terms/:type:data:text,terms/:predicate:type-of,,,terms/:type:value:email
XXX,terms/:type:data:text,terms/:type:value:str,terms/:predicate:type-of,,,terms/:type:value:email
XXX,terms/:type:value:str,terms/:type:value:email,terms/:predicate:type-of,,,terms/:type:value:email
XXX,terms/:type:value,terms/:type:data:text,terms/:predicate:type-of,,,terms/:type:value:ref:id
XXX,terms/:type:data:text,terms/:type:value:ref:id,terms/:predicate:type-of,,,terms/:type:value:ref:id
XXX,terms/:type:value,terms/:type:data:text,terms/:predicate:type-of,,,terms/:type:value:ref:key
XXX,terms/:type:data:text,terms/:type:value:str,terms/:predicate:type-of,,,terms/:type:value:ref:key
XXX,terms/:type:value:str,terms/:type:value:key,terms/:predicate:type-of,,,terms/:type:value:ref:key
XXX,terms/:type:value:key,terms/:type:value:ref,terms/:predicate:type-of,,,terms/:type:value:ref:key
XXX,terms/:type:value:ref,terms/:type:value:ref:key,terms/:predicate:type-of,,,terms/:type:value:ref:key
XXX,terms/:type:value,terms/:type:data:text,terms/:predicate:type-of,,,terms/:type:value:ref:gid
XXX,terms/:type:data:text,terms/:type:value:str,terms/:predicate:type-of,,,terms/:type:value:ref:gid
XXX,terms/:type:value:str,terms/:type:value:key,terms/:predicate:type-of,,,terms/:type:value:ref:gid
XXX,terms/:type:value:key,terms/:type:value:ref,terms/:predicate:type-of,,,terms/:type:value:ref:gid
XXX,terms/:type:value:ref,terms/:type:value:ref:gid,terms/:predicate:type-of,,,terms/:type:value:ref:gid
XXX,terms/:type:value,terms/:type:data:text,terms/:predicate:type-of,,,terms/:type:value:term
XXX,terms/:type:data:text,terms/:type:value:str,terms/:predicate:type-of,,,terms/:type:value:term
XXX,terms/:type:value:str,terms/:type:value:key,terms/:predicate:type-of,,,terms/:type:value:term
XXX,terms/:type:value:key,terms/:type:value:ref,terms/:predicate:type-of,,,terms/:type:value:term
XXX,terms/:type:value:ref,terms/:type:value:ref:key,terms/:predicate:type-of,,,terms/:type:value:term
XXX,terms/:type:value:ref:key,terms/:type:value:term,terms/:predicate:type-of,,,terms/:type:value:term
XXX,terms/:type:value,terms/:type:data:text,terms/:predicate:type-of,,,terms/:type:value:field
XXX,terms/:type:data:text,terms/:type:value:str,terms/:predicate:type-of,,,terms/:type:value:field
XXX,terms/:type:value:str,terms/:type:value:key,terms/:predicate:type-of,,,terms/:type:value:field
XXX,terms/:type:value:key,terms/:type:value:ref,terms/:predicate:type-of,,,terms/:type:value:field
XXX,terms/:type:value:ref,terms/:type:value:ref:gid,terms/:predicate:type-of,,,terms/:type:value:field
XXX,terms/:type:value:ref:gid,terms/:type:value:field,terms/:predicate:type-of,,,terms/:type:value:field
XXX,terms/:type:value,terms/:type:data:text,terms/:predicate:type-of,,,terms/:type:value:enum
XXX,terms/:type:data:text,terms/:type:value:str,terms/:predicate:type-of,,,terms/:type:value:enum
XXX,terms/:type:value:str,terms/:type:value:key,terms/:predicate:type-of,,,terms/:type:value:enum
XXX,terms/:type:value:key,terms/:type:value:ref,terms/:predicate:type-of,,,terms/:type:value:enum
XXX,terms/:type:value:ref,terms/:type:value:ref:key,terms/:predicate:type-of,,,terms/:type:value:enum
XXX,terms/:type:value:ref:key,terms/:type:value:term,terms/:predicate:type-of,,,terms/:type:value:enum
XXX,terms/:type:value:term,terms/:type:value:enum,terms/:predicate:type-of,,,terms/:type:value:enum
XXX,terms/:type:value,terms/:type:data:numeric,terms/:predicate:type-of,,,terms/:type:value:int
XXX,terms/:type:data:numeric,terms/:type:value:int,terms/:predicate:type-of,,,terms/:type:value:int
XXX,terms/:type:value,terms/:type:data:numeric,terms/:predicate:type-of,,,terms/:type:value:stamp
XXX,terms/:type:data:numeric,terms/:type:value:int,terms/:predicate:type-of,,,terms/:type:value:stamp
XXX,terms/:type:value:int,terms/:type:value:stamp,terms/:predicate:type-of,,,terms/:type:value:stamp
XXX,terms/:type:value,terms/:type:data:list,terms/:predicate:type-of,,,terms/:type:value:size
XXX,terms/:type:data:list,terms/:type:value:size,terms/:predicate:type-of,,,terms/:type:value:size
XXX,terms/:type:value,terms/:type:data:list,terms/:predicate:type-of,,,terms/:type:value:range
XXX,terms/:type:data:list,terms/:type:value:range,terms/:predicate:type-of,,,terms/:type:value:range
XXX,terms/:type:value,terms/:type:data:list,terms/:predicate:type-of,,,terms/:type:value:str:set
XXX,terms/:type:data:list,terms/:type:value:set,terms/:predicate:type-of,,,terms/:type:value:str:set
XXX,terms/:type:value:set,terms/:type:data:text,terms/:predicate:type-of,,,terms/:type:value:str:set
XXX,terms/:type:data:text,terms/:type:value:str,terms/:predicate:type-of,,,terms/:type:value:str:set
XXX,terms/:type:value:str,terms/:type:value:str:set,terms/:predicate:type-of,,,terms/:type:value:str:set
XXX,terms/:type:value,terms/:type:data:object,terms/:predicate:type-of,,,terms/:type:value:geojson
XXX,terms/:type:data:object,terms/:type:value:geojson,terms/:predicate:type-of,,,terms/:type:value:geojson
XXX,terms/:type:format:scalar,terms/:type:format,terms/:predicate:enum-of,,1,terms/:type:format
XXX,terms/:type:format:list,terms/:type:format,terms/:predicate:enum-of,,2,terms/:type:format
XXX,terms/:type:format:set,terms/:type:format,terms/:predicate:enum-of,,3,terms/:type:format
XXX,terms/:type:unit:length,terms/:type:unit,terms/:predicate:enum-of,,1,terms/:type:unit
XXX,terms/:type:unit:area,terms/:type:unit,terms/:predicate:enum-of,,2,terms/:type:unit
XXX,terms/:type:unit:weight,terms/:type:unit,terms/:predicate:enum-of,,3,terms/:type:unit
XXX,terms/:type:unit:time,terms/:type:unit,terms/:predicate:enum-of,,4,terms/:type:unit
XXX,terms/:type:unit:length,terms/:enum:unit,terms/:predicate:category-of,,1,terms/:enum:unit
XXX,terms/:type:unit:area,terms/:enum:unit,terms/:predicate:category-of,,2,terms/:enum:unit
XXX,terms/:type:unit:weight,terms/:enum:unit,terms/:predicate:category-of,,3,terms/:enum:unit
XXX,terms/:type:unit:time,terms/:enum:unit,terms/:predicate:category-of,,4,terms/:enum:unit
XXX,terms/:type:unit:age,terms/:enum:unit,terms/:predicate:category-of,,5,terms/:enum:unit
XXX,terms/:type:unit:length:km,terms/:type:unit:length,terms/:predicate:enum-of,,1,terms/:enum:unit
XXX,terms/:type:unit:length:m,terms/:type:unit:length,terms/:predicate:enum-of,,2,terms/:enum:unit
XXX,terms/:type:unit:length:cm,terms/:type:unit:length,terms/:predicate:enum-of,,3,terms/:enum:unit
XXX,terms/:type:unit:length:mm,terms/:type:unit:length,terms/:predicate:enum-of,,4,terms/:enum:unit
XXX,terms/:type:unit:area:km,terms/:type:unit:area,terms/:predicate:enum-of,,1,terms/:enum:unit
XXX,terms/:type:unit:area:m,terms/:type:unit:area,terms/:predicate:enum-of,,2,terms/:enum:unit
XXX,terms/:type:unit:area:cm,terms/:type:unit:area,terms/:predicate:enum-of,,3,terms/:enum:unit
XXX,terms/:type:unit:area:mm,terms/:type:unit:area,terms/:predicate:enum-of,,4,terms/:enum:unit
XXX,terms/:type:unit:weight:kg,terms/:type:unit:weight,terms/:predicate:enum-of,,1,terms/:enum:unit
XXX,terms/:type:unit:weight:g,terms/:type:unit:weight,terms/:predicate:enum-of,,2,terms/:enum:unit
XXX,terms/:type:unit:weight:cg,terms/:type:unit:weight,terms/:predicate:enum-of,,3,terms/:enum:unit
XXX,terms/:type:unit:weight:mg,terms/:type:unit:weight,terms/:predicate:enum-of,,4,terms/:enum:unit
XXX,terms/:type:unit:time:h,terms/:type:unit:time,terms/:predicate:enum-of,,1,terms/:enum:unit
XXX,terms/:type:unit:time:m,terms/:type:unit:time,terms/:predicate:enum-of,,2,terms/:enum:unit
XXX,terms/:type:unit:time:s,terms/:type:unit:time,terms/:predicate:enum-of,,3,terms/:enum:unit
XXX,terms/:type:unit:age:y,terms/:type:unit:age,terms/:predicate:enum-of,,1,terms/:enum:unit
XXX,terms/:type:unit:age:m,terms/:type:unit:age,terms/:predicate:enum-of,,2,terms/:enum:unit
XXX,terms/:type:unit:age:d,terms/:type:unit:age,terms/:predicate:enum-of,,3,terms/:enum:unit
XXX,terms/ISO:639:3:eng,terms/:enum:language,terms/:predicate:enum-of,,1,terms/:enum:language
XXX,terms/:type:predicate:enum,terms/:type:predicate,terms/:predicate:enum-of,,1,terms/:type:predicate
XXX,terms/:type:predicate:struct,terms/:type:predicate,terms/:predicate:enum-of,,2,terms/:type:predicate
XXX,terms/:type:predicate:form,terms/:type:predicate,terms/:predicate:enum-of,,3,terms/:type:predicate
XXX,terms/:type:predicate:function,terms/:type:predicate,terms/:predicate:enum-of,,4,terms/:type:predicate
XXX,terms/:type:predicate:attribute,terms/:type:predicate,terms/:predicate:enum-of,,5,terms/:type:predicate
XXX,terms/:type:predicate:enum,terms/:enum:predicate,terms/:predicate:category-of,,1,terms/:enum:predicate
XXX,terms/:type:predicate:struct,terms/:enum:predicate,terms/:predicate:category-of,,2,terms/:enum:predicate
XXX,terms/:type:predicate:form,terms/:enum:predicate,terms/:predicate:category-of,,3,terms/:enum:predicate
XXX,terms/:type:predicate:function,terms/:enum:predicate,terms/:predicate:category-of,,4,terms/:enum:predicate
XXX,terms/:type:predicate:attribute,terms/:enum:predicate,terms/:predicate:category-of,,5,terms/:enum:predicate
XXX,terms/:predicate:template-of,terms/:type:predicate:enum,terms/:predicate:enum-of,,1,terms/:enum:predicate
XXX,terms/:predicate:category-of,terms/:type:predicate:enum,terms/:predicate:enum-of,,2,terms/:enum:predicate
XXX,terms/:predicate:enum-of,terms/:type:predicate:enum,terms/:predicate:enum-of,,3,terms/:enum:predicate
XXX,terms/:predicate:class-of,terms/:type:predicate:struct,terms/:predicate:enum-of,,1,terms/:enum:predicate
XXX,terms/:predicate:property-of,terms/:type:predicate:struct,terms/:predicate:enum-of,,2,terms/:enum:predicate
XXX,terms/:predicate:form-of,terms/:type:predicate:form,terms/:predicate:enum-of,,1,terms/:enum:predicate
XXX,terms/:predicate:field-of,terms/:type:predicate:form,terms/:predicate:enum-of,,2,terms/:enum:predicate
XXX,terms/:predicate:attribute-of,terms/:type:predicate:attribute,terms/:predicate:enum-of,,1,terms/:enum:predicate
XXX,terms/:predicate:shape,terms/:type:predicate:attribute,terms/:predicate:enum-of,,2,terms/:enum:predicate
XXX,terms/:predicate:type-of,terms/:type:predicate:function,terms/:predicate:enum-of,,1,terms/:enum:predicate
XXX,terms/:predicate:endorse,terms/:type:predicate:function,terms/:predicate:enum-of,,2,terms/:enum:predicate
XXX,terms/:predicate:instance,terms/:type:predicate:function,terms/:predicate:enum-of,,3,terms/:enum:predicate
XXX,terms/:predicate:instance-of,terms/:type:predicate:function,terms/:predicate:enum-of,,4,terms/:enum:predicate
XXX,terms/:predicate:used-by,terms/:type:predicate:function,terms/:predicate:enum-of,,5,terms/:enum:predicate
XXX,terms/:predicate:managed-by,terms/:type:predicate:function,terms/:predicate:enum-of,,6,terms/:enum:predicate
XXX,terms/STD:geo:neighbour,terms/:type:predicate:function,terms/:predicate:enum-of,,7,terms/:enum:predicate
XXX,terms/STD:geo:unit-of,terms/:type:predicate:function,terms/:predicate:enum-of,,8,terms/:enum:predicate
XXX,terms/:domain:dict,terms/:enum:class,terms/:predicate:category-of,,1,terms/:enum:class
XXX,terms/:domain:geo,terms/:enum:class,terms/:predicate:category-of,,2,terms/:enum:class
XXX,terms/:domain:auth,terms/:enum:class,terms/:predicate:category-of,,3,terms/:enum:class
XXX,terms/:domain:sys,terms/:enum:class,terms/:predicate:category-of,,4,terms/:enum:class
XXX,terms/:domain:study,terms/:enum:class,terms/:predicate:category-of,,5,terms/:enum:class
XXX,terms/:domain:dataset,terms/:enum:class,terms/:predicate:category-of,,6,terms/:enum:class
XXX,terms/:domain:survey,terms/:domain:dataset,terms/:predicate:category-of,,7,terms/:enum:class
XXX,terms/:collection:terms,terms/:domain:dict,terms/:predicate:category-of,,1,terms/:enum:class
XXX,terms/:collection:descriptors,terms/:domain:dict,terms/:predicate:category-of,,2,terms/:enum:class
XXX,terms/:collection:schemas,terms/:domain:dict,terms/:predicate:category-of,,3,terms/:enum:class
XXX,terms/:collection:toponyms,terms/:domain:geo,terms/:predicate:category-of,,1,terms/:enum:class
XXX,terms/:collection:shapes,terms/:domain:geo,terms/:predicate:category-of,,2,terms/:enum:class
XXX,terms/:collection:edges,terms/:domain:geo,terms/:predicate:category-of,,3,terms/:enum:class
XXX,terms/:collection:users,terms/:domain:auth,terms/:predicate:category-of,,1,terms/:enum:class
XXX,terms/:collection:groups,terms/:domain:auth,terms/:predicate:category-of,,2,terms/:enum:class
XXX,terms/:collection:sessions,terms/:domain:auth,terms/:predicate:category-of,,3,terms/:enum:class
XXX,terms/:collection:settings,terms/:domain:sys,terms/:predicate:category-of,,1,terms/:enum:class
XXX,terms/:collection:messages,terms/:domain:sys,terms/:predicate:category-of,,2,terms/:enum:class
XXX,terms/:collection:logs,terms/:domain:sys,terms/:predicate:category-of,,3,terms/:enum:class
XXX,terms/:collection:studies,terms/:domain:study,terms/:predicate:category-of,,1,terms/:enum:class
XXX,terms/:collection:annexes,terms/:domain:study,terms/:predicate:category-of,,2,terms/:enum:class
XXX,terms/:collection:links,terms/:domain:study,terms/:predicate:category-of,,3,terms/:enum:class
XXX,terms/:collection:smart,terms/:domain:survey,terms/:predicate:category-of,,1,terms/:enum:class
XXX,terms/:class:term,terms/:collection:terms,terms/:predicate:enum-of,,1,terms/:enum:class
XXX,terms/:class:term:namespace,terms/:collection:terms,terms/:predicate:enum-of,,2,terms/:enum:class
XXX,terms/:class:term:template,terms/:collection:terms,terms/:predicate:enum-of,,3,terms/:enum:class
XXX,terms/:class:term:enumeration,terms/:collection:terms,terms/:predicate:enum-of,,4,terms/:enum:class
XXX,terms/:class:term:selection,terms/:collection:terms,terms/:predicate:enum-of,,5,terms/:enum:class
XXX,terms/:class:term:category,terms/:collection:terms,terms/:predicate:enum-of,,6,terms/:enum:class
XXX,terms/:class:term:collection,terms/:collection:terms,terms/:predicate:enum-of,,7,terms/:enum:class
XXX,terms/:class:term:instance,terms/:collection:terms,terms/:predicate:enum-of,,8,terms/:enum:class
XXX,terms/:class:term:type,terms/:collection:terms,terms/:predicate:enum-of,,9,terms/:enum:class
XXX,terms/:class:term:type:text,terms/:collection:terms,terms/:predicate:enum-of,,10,terms/:enum:class
XXX,terms/:class:term:type:quant,terms/:collection:terms,terms/:predicate:enum-of,,11,terms/:enum:class
XXX,terms/:class:term:predicate,terms/:collection:terms,terms/:predicate:enum-of,,12,terms/:enum:class
XXX,terms/:class:term:class,terms/:collection:terms,terms/:predicate:enum-of,,13,terms/:enum:class
XXX,terms/:class:term:struct,terms/:collection:terms,terms/:predicate:enum-of,,14,terms/:enum:class
XXX,terms/:class:term:form,terms/:collection:terms,terms/:predicate:enum-of,,15,terms/:enum:class
XXX,terms/:class:descriptor,terms/:collection:descriptors,terms/:predicate:enum-of,,1,terms/:enum:class
XXX,terms/:class:descriptor:any,terms/:collection:descriptors,terms/:predicate:enum-of,,2,terms/:enum:class
XXX,terms/:class:descriptor:txt,terms/:collection:descriptors,terms/:predicate:enum-of,,3,terms/:enum:class
XXX,terms/:class:descriptor:key,terms/:collection:descriptors,terms/:predicate:enum-of,,4,terms/:enum:class
XXX,terms/:class:descriptor:iaddr,terms/:collection:descriptors,terms/:predicate:enum-of,,5,terms/:enum:class
XXX,terms/:class:descriptor:enc,terms/:collection:descriptors,terms/:predicate:enum-of,,6,terms/:enum:class
XXX,terms/:class:descriptor:hex,terms/:collection:descriptors,terms/:predicate:enum-of,,7,terms/:enum:class
XXX,terms/:class:descriptor:date,terms/:collection:descriptors,terms/:predicate:enum-of,,8,terms/:enum:class
XXX,terms/:class:descriptor:num,terms/:collection:descriptors,terms/:predicate:enum-of,,9,terms/:enum:class
XXX,terms/:class:descriptor:dec,terms/:collection:descriptors,terms/:predicate:enum-of,,10,terms/:enum:class
XXX,terms/:class:descriptor:range,terms/:collection:descriptors,terms/:predicate:enum-of,,11,terms/:enum:class
XXX,terms/:class:descriptor:ref,terms/:collection:descriptors,terms/:predicate:enum-of,,12,terms/:enum:class
XXX,terms/:class:descriptor:ref:term,terms/:collection:descriptors,terms/:predicate:enum-of,,13,terms/:enum:class
XXX,terms/:class:descriptor:ref:field,terms/:collection:descriptors,terms/:predicate:enum-of,,14,terms/:enum:class
XXX,terms/:class:descriptor:struct,terms/:collection:descriptors,terms/:predicate:enum-of,,15,terms/:enum:class
XXX,terms/:class:descriptor:map,terms/:collection:descriptors,terms/:predicate:enum-of,,16,terms/:enum:class
XXX,terms/:class:descriptor:map:text,terms/:collection:descriptors,terms/:predicate:enum-of,,17,terms/:enum:class
XXX,terms/:class:edge,terms/:collection:schemas,terms/:predicate:enum-of,,1,terms/:enum:class
XXX,terms/:class:edge:attribute,terms/:collection:schemas,terms/:predicate:enum-of,,2,terms/:enum:class
XXX,terms/:class:edge:branch,terms/:collection:schemas,terms/:predicate:enum-of,,3,terms/:enum:class
XXX,terms/:class:edge,terms/:collection:edges,terms/:predicate:enum-of,,1,terms/:enum:class
XXX,terms/:class:edge:attribute,terms/:collection:edges,terms/:predicate:enum-of,,2,terms/:enum:class
XXX,terms/:class:edge:branch,terms/:collection:edges,terms/:predicate:enum-of,,3,terms/:enum:class
XXX,terms/:class:edge,terms/:collection:links,terms/:predicate:enum-of,,1,terms/:enum:class
XXX,terms/:class:edge:attribute,terms/:collection:links,terms/:predicate:enum-of,,2,terms/:enum:class
XXX,terms/:class:edge:branch,terms/:collection:links,terms/:predicate:enum-of,,3,terms/:enum:class
XXX,terms/:class:toponym,terms/:collection:toponyms,terms/:predicate:enum-of,,1,terms/:enum:class
XXX,terms/:class:shape,terms/:collection:shapes,terms/:predicate:enum-of,,1,terms/:enum:class
XXX,terms/:class:user,terms/:collection:users,terms/:predicate:enum-of,,1,terms/:enum:class
XXX,terms/:class:user:group,terms/:collection:groups,terms/:predicate:enum-of,,1,terms/:enum:class
XXX,terms/:class:setting,terms/:collection:settings,terms/:predicate:enum-of,,1,terms/:enum:class
XXX,terms/:class:log,terms/:collection:logs,terms/:predicate:enum-of,,1,terms/:enum:class
XXX,terms/:class:message,terms/:collection:messages,terms/:predicate:enum-of,,1,terms/:enum:class
XXX,terms/:class:session,terms/:collection:sessions,terms/:predicate:enum-of,,1,terms/:enum:class
XXX,terms/:class:study,terms/:collection:studies,terms/:predicate:enum-of,,1,terms/:enum:class
XXX,terms/:class:annex,terms/:collection:annexes,terms/:predicate:enum-of,,1,terms/:enum:class
XXX,terms/:class:smart,terms/:collection:smart,terms/:predicate:enum-of,,1,terms/:enum:class
XXX,terms/:kind:form:input,terms/:kind:form,terms/:predicate:enum-of,,1,terms/:kind:form
XXX,terms/:kind:form:output,terms/:kind:form,terms/:predicate:enum-of,,2,terms/:kind:form
XXX,terms/:kind:form:instance,terms/:kind:form,terms/:predicate:enum-of,,3,terms/:kind:form
XXX,terms/:kind:form:instances,terms/:kind:form,terms/:predicate:enum-of,,4,terms/:kind:form
XXX,terms/:kind:form:mixed,terms/:kind:form,terms/:predicate:enum-of,,5,terms/:kind:form
XXX,terms/:type:form:full,terms/:type:form,terms/:predicate:enum-of,,1,terms/:type:form
XXX,terms/:type:form:partial,terms/:type:form,terms/:predicate:enum-of,,2,terms/:type:form
XXX,terms/:type:form:card,terms/:type:form,terms/:predicate:enum-of,,3,terms/:type:form
XXX,terms/:type:form:line,terms/:type:form,terms/:predicate:enum-of,,4,terms/:type:form
XXX,terms/:type:form:point,terms/:type:form,terms/:predicate:enum-of,,5,terms/:type:form
XXX,terms/:domain:auth,terms/:enum:form,terms/:predicate:category-of,,1,terms/:enum:form
XXX,terms/:form:login,terms/:domain:auth,terms/:predicate:enum-of,,1,terms/:enum:form
XXX,terms/:collection:users,terms/:domain:auth,terms/:predicate:category-of,,1,terms/:enum:form
XXX,terms/:form:admin,terms/:collection:users,terms/:predicate:enum-of,,1,terms/:enum:form
XXX,terms/:form:signup,terms/:collection:users,terms/:predicate:enum-of,,2,terms/:enum:form
XXX,terms/:form:signin,terms/:collection:users,terms/:predicate:enum-of,,3,terms/:enum:form
XXX,terms/:form:credentials,terms/:collection:users,terms/:predicate:enum-of,,4,terms/:enum:form
XXX,terms/:kind:image:flag,terms/:kind:image,terms/:predicate:enum-of,,1,terms/:kind:image
XXX,terms/:type:image:thumb,terms/:type:image,terms/:predicate:enum-of,,1,terms/:type:image
XXX,terms/:type:image:tile,terms/:type:image,terms/:predicate:enum-of,,2,terms/:type:image
XXX,terms/:type:image:full,terms/:type:image,terms/:predicate:enum-of,,3,terms/:type:image
XXX,terms/:rank:system,terms/:enum:rank,terms/:predicate:enum-of,1,1,terms/:enum:rank
XXX,terms/:rank:default,terms/:enum:rank,terms/:predicate:enum-of,2,2,terms/:enum:rank
XXX,terms/:rank:standard,terms/:enum:rank,terms/:predicate:enum-of,3,3,terms/:enum:rank
XXX,terms/:rank:user,terms/:enum:rank,terms/:predicate:enum-of,4,4,terms/:enum:rank
XXX,terms/:rank:guest,terms/:enum:rank,terms/:predicate:enum-of,5,5,terms/:enum:rank
XXX,terms/:role:user,terms/:enum:role,terms/:predicate:enum-of,,1,terms/:enum:role
XXX,terms/:role:batch,terms/:enum:role,terms/:predicate:enum-of,,2,terms/:enum:role
XXX,terms/:role:upload,terms/:enum:role,terms/:predicate:enum-of,,3,terms/:enum:role
XXX,terms/:role:meta,terms/:enum:role,terms/:predicate:enum-of,,4,terms/:enum:role
XXX,terms/:role:clean,terms/:enum:role,terms/:predicate:enum-of,,5,terms/:enum:role
XXX,terms/:role:suggest,terms/:enum:role,terms/:predicate:enum-of,,6,terms/:enum:role
XXX,terms/:role:dict,terms/:enum:role,terms/:predicate:enum-of,,7,terms/:enum:role
XXX,terms/:role:commit,terms/:enum:role,terms/:predicate:enum-of,,8,terms/:enum:role
XXX,terms/:role:query,terms/:enum:role,terms/:predicate:enum-of,,9,terms/:enum:role
XXX,terms/:role:download,terms/:enum:role,terms/:predicate:enum-of,,10,terms/:enum:role
XXX,terms/:event:login,terms/:enum:event,terms/:predicate:enum-of,,,terms/:enum:event
XXX,terms/:event:success,terms/:enum:event:status,terms/:predicate:enum-of,,,terms/:enum:event:status
XXX,terms/:event:fail,terms/:enum:event:status,terms/:predicate:enum-of,,,terms/:enum:event:status
XXX,terms/:state:application:embedded,terms/:state:application,terms/:predicate:enum-of,1,1,terms/:state:application
XXX,terms/:state:application:default,terms/:state:application,terms/:predicate:enum-of,2,2,terms/:state:application
XXX,terms/:state:application:standard,terms/:state:application,terms/:predicate:enum-of,3,3,terms/:state:application
XXX,terms/:state:application:user,terms/:state:application,terms/:predicate:enum-of,4,4,terms/:state:application
XXX,terms/:state:status:pending,terms/:state:status,terms/:predicate:enum-of,1,1,terms/:state:status
XXX,terms/:state:status:proposed,terms/:state:status,terms/:predicate:enum-of,2,2,terms/:state:status
XXX,terms/:state:status:revised,terms/:state:status,terms/:predicate:enum-of,3,3,terms/:state:status
XXX,terms/:state:status:disabled,terms/:state:status,terms/:predicate:enum-of,4,4,terms/:state:status
XXX,terms/:state:access:private,terms/:state:access,terms/:predicate:enum-of,1,1,terms/:state:access
XXX,terms/:state:access:locked,terms/:state:access,terms/:predicate:enum-of,2,2,terms/:state:access
XXX,terms/:state:access:appendable,terms/:state:access,terms/:predicate:enum-of,3,3,terms/:state:access
XXX,terms/:state:access:protected,terms/:state:access,terms/:predicate:enum-of,4,4,terms/:state:access
XXX,terms/:state:usage:required,terms/:state:usage,terms/:predicate:enum-of,1,1,terms/:state:usage
XXX,terms/:state:usage:suggested,terms/:state:usage,terms/:predicate:enum-of,2,2,terms/:state:usage
XXX,terms/:state:usage:optional,terms/:state:usage,terms/:predicate:enum-of,3,3,terms/:state:usage
XXX,terms/:state:usage:proscribed,terms/:state:usage,terms/:predicate:enum-of,4,4,terms/:state:usage
XXX,terms/:state:interface:form,terms/:state:interface,terms/:predicate:category-of,,1,terms/:state:interface
XXX,terms/:state:interface:form:template,terms/:state:interface:form,terms/:predicate:enum-of,,1,terms/:state:interface
XXX,terms/:state:interface:form:group,terms/:state:interface:form,terms/:predicate:enum-of,,2,terms/:state:interface
XXX,terms/:state:interface:field,terms/:state:interface,terms/:predicate:category-of,,2,terms/:state:interface
XXX,terms/:state:interface:field:in,terms/:state:interface:field,terms/:predicate:enum-of,,1,terms/:state:interface
XXX,terms/:state:interface:field:in:out,terms/:state:interface:field,terms/:predicate:enum-of,,2,terms/:state:interface
XXX,terms/:state:interface:field:out,terms/:state:interface:field,terms/:predicate:enum-of,,3,terms/:state:interface
XXX,terms/:state:interface:field:comp,terms/:state:interface:field,terms/:predicate:enum-of,,4,terms/:state:interface
XXX,terms/:state:interface:field:comp:in,terms/:state:interface:field,terms/:predicate:enum-of,,5,terms/:state:interface
XXX,terms/:state:interface:field:hidden,terms/:state:interface:field,terms/:predicate:enum-of,,6,terms/:state:interface
XXX,terms/:type:attribute:shape,terms/:type:attribute,terms/:predicate:enum-of,,1,terms/:type:attribute
XXX,terms/:type:attribute:shape,terms/:enum:attribute,terms/:predicate:category-of,,2,terms/:enum:attribute
XXX,terms/:type:attribute:shape:point,terms/:type:attribute:shape,terms/:predicate:enum-of,,1,terms/:enum:attribute
XXX,terms/:type:attribute:shape:border,terms/:type:attribute:shape,terms/:predicate:enum-of,,2,terms/:enum:attribute
XXX,terms/:type:attribute:shape:low-res,terms/:type:attribute:shape,terms/:predicate:enum-of,,3,terms/:enum:attribute
XXX,terms/:type:traversal:is,terms/:type:traversal,terms/:predicate:enum-of,,1,terms/:type:traversal
XXX,terms/:type:traversal:has,terms/:type:traversal,terms/:predicate:enum-of,,2,terms/:type:traversal
XXX,terms/:type:traversal:same,terms/:type:traversal,terms/:predicate:enum-of,,3,terms/:type:traversal
XXX,terms/:rule:castString,terms/:enum:cast,terms/:predicate:enum-of,,,terms/:enum:cast
XXX,terms/:rule:castNumber,terms/:enum:cast,terms/:predicate:enum-of,,,terms/:enum:cast
XXX,terms/:rule:castBoolean,terms/:enum:cast,terms/:predicate:enum-of,,,terms/:enum:cast
XXX,terms/:rule:castHexadecimal,terms/:enum:cast,terms/:predicate:enum-of,,,terms/:enum:cast
XXX,terms/:rule:customUrl,terms/:enum:validate,terms/:predicate:enum-of,,1,terms/:enum:validate
XXX,terms/:rule:customEmail,terms/:enum:validate,terms/:predicate:enum-of,,2,terms/:enum:validate
XXX,terms/:rule:customHex,terms/:enum:validate,terms/:predicate:enum-of,,3,terms/:enum:validate
XXX,terms/:rule:customInt,terms/:enum:validate,terms/:predicate:enum-of,,4,terms/:enum:validate
XXX,terms/:rule:customDate,terms/:enum:validate,terms/:predicate:enum-of,,5,terms/:enum:validate
XXX,terms/:rule:customTimeStamp,terms/:enum:validate,terms/:predicate:enum-of,,6,terms/:enum:validate
XXX,terms/:rule:customRange,terms/:enum:validate,terms/:predicate:enum-of,,7,terms/:enum:validate
XXX,terms/:rule:customSizeRange,terms/:enum:validate,terms/:predicate:enum-of,,8,terms/:enum:validate
XXX,terms/:rule:customGeoJSON,terms/:enum:validate,terms/:predicate:enum-of,,9,terms/:enum:validate
XXX,terms/:rule:customIdReference,terms/:enum:validate,terms/:predicate:enum-of,,10,terms/:enum:validate
XXX,terms/:rule:customKeyReference,terms/:enum:validate,terms/:predicate:enum-of,,11,terms/:enum:validate
XXX,terms/:rule:customGidReference,terms/:enum:validate,terms/:predicate:enum-of,,12,terms/:enum:validate
XXX,terms/:rule:customInstance,terms/:enum:validate,terms/:predicate:enum-of,,13,terms/:enum:validate
XXX,terms/STD:avail:Y,terms/STD:avail,terms/:predicate:enum-of,1,1,terms/STD:avail
XXX,terms/STD:avail:N,terms/STD:avail,terms/:predicate:enum-of,1,2,terms/STD:avail
XXX,terms/STD:sex:M,terms/STD:sex,terms/:predicate:enum-of,,1,terms/STD:sex
XXX,terms/STD:sex:F,terms/STD:sex,terms/:predicate:enum-of,,2,terms/STD:sex
XXX,terms/STD:assert:Y,terms/STD:assert,terms/:predicate:enum-of,,1,terms/STD:assert
XXX,terms/STD:assert:N,terms/STD:assert,terms/:predicate:enum-of,,2,terms/STD:assert
XXX,terms/ISO:15924,terms/ISO,terms/:predicate:enum-of,,1,terms/ISO
XXX,terms/ISO:3166:1,terms/ISO,terms/:predicate:enum-of,,2,terms/ISO
XXX,terms/ISO:3166:2,terms/ISO,terms/:predicate:enum-of,,3,terms/ISO
XXX,terms/ISO:3166:3,terms/ISO,terms/:predicate:enum-of,,4,terms/ISO
XXX,terms/ISO:4217,terms/ISO,terms/:predicate:enum-of,,5,terms/ISO
XXX,terms/ISO:639:2,terms/ISO,terms/:predicate:enum-of,,6,terms/ISO
XXX,terms/ISO:639:3,terms/ISO,terms/:predicate:enum-of,,7,terms/ISO
XXX,terms/ISO:639:5,terms/ISO,terms/:predicate:enum-of,,8,terms/ISO
XXX,terms/ISO:639:scope:I,terms/ISO:639:scope,terms/:predicate:enum-of,,1,terms/ISO:639:scope
XXX,terms/ISO:639:scope:M,terms/ISO:639:scope,terms/:predicate:enum-of,,2,terms/ISO:639:scope
XXX,terms/ISO:639:scope:S,terms/ISO:639:scope,terms/:predicate:enum-of,,3,terms/ISO:639:scope
XXX,terms/ISO:639:type:A,terms/ISO:639:type,terms/:predicate:enum-of,,1,terms/ISO:639:type
XXX,terms/ISO:639:type:C,terms/ISO:639:type,terms/:predicate:enum-of,,2,terms/ISO:639:type
XXX,terms/ISO:639:type:E,terms/ISO:639:type,terms/:predicate:enum-of,,3,terms/ISO:639:type
XXX,terms/ISO:639:type:H,terms/ISO:639:type,terms/:predicate:enum-of,,4,terms/ISO:639:type
XXX,terms/ISO:639:type:L,terms/ISO:639:type,terms/:predicate:enum-of,,5,terms/ISO:639:type
XXX,terms/ISO:639:type:S,terms/ISO:639:type,terms/:predicate:enum-of,,6,terms/ISO:639:type
XXX,terms/WB:source,terms/WB,terms/:predicate:enum-of,,1,terms/WB
XXX,terms/WB:topic,terms/WB,terms/:predicate:enum-of,,2,terms/WB
XXX,terms/WB:indicator,terms/WB,terms/:predicate:enum-of,,3,terms/WB
XXX,terms/WB:income,terms/WB,terms/:predicate:enum-of,,4,terms/WB
XXX,terms/WB:lending,terms/WB,terms/:predicate:enum-of,,5,terms/WB
XXX,terms/WB:country,terms/WB,terms/:predicate:enum-of,,6,terms/WB
XXX,terms/WB:region,terms/WB,terms/:predicate:enum-of,,7,terms/WB
XXX,terms/GN:ntype:preferred,terms/GN:ntype,terms/:predicate:enum-of,,6,terms/GN:ntype
XXX,terms/GN:ntype:short,terms/GN:ntype,terms/:predicate:enum-of,,7,terms/GN:ntype
XXX,terms/GN:ntype:colloquial,terms/GN:ntype,terms/:predicate:enum-of,,8,terms/GN:ntype
XXX,terms/GN:ntype:historic,terms/GN:ntype,terms/:predicate:enum-of,,9,terms/GN:ntype
XXX,terms/GEOnet:RC,terms/GEOnet,terms/:predicate:enum-of,,1,terms/GEOnet
XXX,terms/GEOnet:FC,terms/GEOnet,terms/:predicate:enum-of,,2,terms/GEOnet
XXX,terms/GEOnet:NT,terms/GEOnet,terms/:predicate:enum-of,,3,terms/GEOnet
XXX,terms/GEOnet:DISPLAY,terms/GEOnet,terms/:predicate:enum-of,,4,terms/GEOnet
XXX,terms/GEOnet:RC:1,terms/GEOnet:RC,terms/:predicate:enum-of,,1,terms/GEOnet:RC
XXX,terms/GEOnet:RC:2,terms/GEOnet:RC,terms/:predicate:enum-of,,2,terms/GEOnet:RC
XXX,terms/GEOnet:RC:3,terms/GEOnet:RC,terms/:predicate:enum-of,,3,terms/GEOnet:RC
XXX,terms/GEOnet:RC:4,terms/GEOnet:RC,terms/:predicate:enum-of,,4,terms/GEOnet:RC
XXX,terms/GEOnet:RC:5,terms/GEOnet:RC,terms/:predicate:enum-of,,5,terms/GEOnet:RC
XXX,terms/GEOnet:RC:6,terms/GEOnet:RC,terms/:predicate:enum-of,,6,terms/GEOnet:RC
XXX,terms/GEOnet:DISPLAY:1,terms/GEOnet:DISPLAY,terms/:predicate:enum-of,,1,terms/GEOnet:DISPLAY
XXX,terms/GEOnet:DISPLAY:2,terms/GEOnet:DISPLAY,terms/:predicate:enum-of,,2,terms/GEOnet:DISPLAY
XXX,terms/GEOnet:DISPLAY:3,terms/GEOnet:DISPLAY,terms/:predicate:enum-of,,3,terms/GEOnet:DISPLAY
XXX,terms/GEOnet:DISPLAY:4,terms/GEOnet:DISPLAY,terms/:predicate:enum-of,,4,terms/GEOnet:DISPLAY
XXX,terms/GEOnet:DISPLAY:5,terms/GEOnet:DISPLAY,terms/:predicate:enum-of,,5,terms/GEOnet:DISPLAY
XXX,terms/GEOnet:DISPLAY:6,terms/GEOnet:DISPLAY,terms/:predicate:enum-of,,6,terms/GEOnet:DISPLAY
XXX,terms/GEOnet:DISPLAY:7,terms/GEOnet:DISPLAY,terms/:predicate:enum-of,,7,terms/GEOnet:DISPLAY
XXX,terms/GEOnet:DISPLAY:8,terms/GEOnet:DISPLAY,terms/:predicate:enum-of,,8,terms/GEOnet:DISPLAY
XXX,terms/GEOnet:DISPLAY:9,terms/GEOnet:DISPLAY,terms/:predicate:enum-of,,9,terms/GEOnet:DISPLAY
XXX,terms/SMART:OEDEMA:0,terms/SMART:OEDEMA,terms/:predicate:enum-of,,1,terms/SMART:OEDEMA
XXX,terms/SMART:OEDEMA:1,terms/SMART:OEDEMA,terms/:predicate:enum-of,,2,terms/SMART:OEDEMA
XXX,terms/SMART:OEDEMA:2,terms/SMART:OEDEMA,terms/:predicate:enum-of,,3,terms/SMART:OEDEMA
XXX,terms/SMART:OEDEMA:3,terms/SMART:OEDEMA,terms/:predicate:enum-of,,4,terms/SMART:OEDEMA
XXX,terms/SMART:MEASURE:L,terms/SMART:MEASURE,terms/:predicate:enum-of,,1,terms/SMART:MEASURE
XXX,terms/SMART:MEASURE:H,terms/SMART:MEASURE,terms/:predicate:enum-of,,2,terms/SMART:MEASURE