_id,Namespace GID,_key,nid,lid,gid,pid,var,sym,syn.0,syn.1,syn.2,keyword.0,keyword.1,keyword.2,keyword.3,keyword.4,rank,kind,type,format,type-key.type,type-key.terms.0,type-key.terms.1,type-key.terms.2,type-key.terms.3,type-key.terms.4,type-key.terms.5,type-key.terms.6,type-value.type,terms.0,terms.1,terms.2,terms.3,terms.4,terms.5,terms.6,terms.7,terms.8,terms.9,terms.10,terms.11,size.0,size.1,size.2,size.3,regex,range.0,range.1,range.2,range.3,unit,units.0,units.1,deploy,label.ISO:639:3:eng,definition.ISO:639:3:eng,description.ISO:639:3:eng,note.ISO:639:3:eng,example.ISO:639:3:eng,info.0
descriptors/_id,,_id,,_id,_id,,_id,,_id,,,embedded,id,,,,:rank:system,:kind:data:discrete,:type:data:text,:type:format:scalar,,,,,,,,,,,,,,,,,,,,,,,,,,,,,,,,,,:state:application:embedded,Document ID,Unique identifier for the object in the database.,,,,
descriptors/_key,,_key,,_key,_key,,_key,,_key,,,embedded,key,,,,,:kind:data:discrete,:type:value:key,:type:format:scalar,,,,,,,,,,,,,,,,,,,,,,,,,,,,,,,,,,:state:application:embedded,Document key,Unique identifier for the object in the collection.,,,,
descriptors/_rev,,_rev,,_rev,_rev,,_rev,,_rev,,,embedded,revision,,,,:rank:system,:kind:data:discrete,:type:value:str,:type:format:scalar,,,,,,,,,,,,,,,,,,,,,,,,,,,,,,,,,,:state:application:embedded,Document revision,The version or revision of the current object.,,,,
descriptors/_from,,_from,,_from,_from,,_from,,_from,,,embedded,source,,,,:rank:system,:kind:data:discrete,:type:value:ref:id,:type:format:scalar,,,,,,,,,,,,,,,,,,,,,,,,,,,,,,,,,,:state:application:embedded,Relationship source,Reference to the relationship source.,,,,
descriptors/_to,,_to,,_to,_to,,_to,,_to,,,embedded,destination,,,,:rank:system,:kind:data:discrete,:type:value:ref:id,:type:format:scalar,,,,,,,,,,,,,,,,,,,,,,,,,,,,,,,,,,:state:application:embedded,Relationship destination,Reference to the relationship destination.,,,,
descriptors/nid,:id,nid,terms/:id,nid,:id:nid,,kNID,,nid,kNID,,default,identifier,namespace,,,,:kind:data:discrete,:type:value:ref:id,:type:format:scalar,,,,,,,,,,,,,,,,,,,,,,,,,,,,,,,,,,:state:application:default,Namespace,Identifier namespace.,,,,
descriptors/lid,:id,lid,terms/:id,lid,:id:lid,,kLID,,lid,kLID,,default,identifier,local,,,,:kind:data:discrete,:type:value:lid,:type:format:scalar,,,,,,,,,,,,,,,,,,,,,,,,,,,,,,,,,,:state:application:default,Local identifier,Unique identifier within the namespace.,,,,
descriptors/gid,:id,gid,terms/:id,gid,:id:gid,,kGID,,gid,kGID,,default,identifier,global,,,,:kind:data:discrete,:type:value:str,:type:format:scalar,,,,,,,,,,,,,,,,,,,,,,,,,,,,,,,,,,:state:application:default,Global identifier,Unique identifier within all namespaces.,,,,
descriptors/pid,:id,pid,terms/:id,pid,:id:pid,,kPID,,pid,kPID,,default,identifier,public,,,,:kind:data:discrete,:type:value:url,:type:format:scalar,,,,,,,,,,,,,,,,,,,,,,,,,,,,,,,,,,:state:application:default,Public identifier,Public identifier of the object.,,,,
descriptors/var,:id,var,terms/:id,var,:id:var,,kVariable,,var,kVariable,,default,identifier,variable,,,,:kind:data:discrete,:type:value:var,:type:format:scalar,,,,,,,,,,,,,,,,,,,,,,,,,,,,,,,,,,:state:application:default,Variable,Default variable name.,,,,
descriptors/sym,:id,sym,terms/:id,sym,:id:sym,,kSymbol,,sym,kSymbol,,default,identifier,symbol,,,,:kind:data:categorical,:type:value:str,:type:format:scalar,,,,,,,,,,,,,,,,,,,,,,,,,,,,,,,,,,:state:application:default,Symbol,Default symbol.,,,,
descriptors/syn,:id,syn,terms/:id,syn,:id:syn,,kSynonym,,syn,kSynonym,,default,identifier,synonym,,,,:kind:data:categorical,:type:value:str,:type:format:set,,,,,,,,,,,,,,,,,,,,,,,,,,,,,,,,,,:state:application:default,Synonyms,List of synonyms.,,,,
descriptors/logo,:id,logo,terms/:id,logo,:id:logo,,kLogo,,logo,kLogo,,default,identifier,image,logo,,,:kind:data:discrete,:type:value:svg,:type:format:scalar,,,,,,,,,,,,,,,,,,,,,,,,,,,,,,,,,,:state:application:default,Logo,Default logo or icon.,,,,
descriptors/pname,:id,pname,terms/:id,pname,:id:pname,,kPhoneticName,,pname,kPhoneticName,,default,phoneme,,,,,:kind:data:discrete,:type:value:str,:type:format:set,,,,,,,,,,,,,,,,,,,,,,,,,,,,,,,,,,:state:application:default,Phonemes,Phonetic names.,,,,
descriptors/name,:id,name,terms/:id,name,:id:name,,kName,,name,kName,,default,name,,,,,:kind:data:discrete,:type:value:str,:type:format:scalar,,,,,,,,,,,,,,,,,,,,,,,,,,,,,,,,,,:state:application:default,Name,Name or appellation.,,,,
descriptors/names,:id,names,terms/:id,names,:id:names,,kNames,,names,kNames,,default,name,,,,,:kind:data:discrete,:type:data:text,:type:format:set,,,,,,,,,,,,,,,,,,,,,,,,,,,,,,,,,,:state:application:default,Names,List of names or appellations.,,,,
descriptors/named,:id,named,terms/:id,named,:id:named,,kNamed,,named,kNamed,,default,name,language,,,,:kind:data:discrete,:type:data:object,:type:format:scalar,:type:value:term,:enum:language,ISO:639:3,ISO:639:2,ISO:639:5,ISO:639:local,GN:language,GEOnet:language,:type:value:str:set,,,,,,,,,,,,,,,,,,,,,,,,,:state:application:default,Names in language,List of names in specific languages.,,,,
descriptors/naming,:id,naming,terms/:id,naming,:id:naming,,kNaming,,naming,kNaming,,default,name,nomenclature,,,,:kind:data:discrete,:type:data:struct,:type:format:set,,,,,,,,,,,,,,,,,,,,,,,,,,,,,,,,,,:state:application:default,Nomenclature,List of names with attributes and language.,,,,
descriptors/keyword,:id,keyword,terms/:id,keyword,:id:keyword,,kKeyword,,keyword,kKeyword,,default,keyword,,,,,:kind:data:discrete,:type:value:str,:type:format:set,,,,,,,,,,,,,,,,,,,,,,,,,,,,,,,,,,:state:application:default,Keywords,List of keywords.,,,,
descriptors/username,:auth,username,terms/:auth,username,:auth:username,,kUsername,,username,kUsername,,default,user,code,,,,:kind:data:discrete,:type:value:str,:type:format:scalar,,,,,,,,,,,,,,,,,,,,,,,,,,,,,,,,,,:state:application:default,User code,User identification code,,,,
descriptors/password,:auth,password,terms/:auth,password,:auth:password,,kPassword,,password,kPassword,,default,user,password,,,,:kind:data:discrete,:type:value:str,:type:format:scalar,,,,,,,,,,,,,,,,,,,,,,,,,,,,,,,,,,:state:application:default,User password,Iser identification password.,,,,
descriptors/passcheck,:auth,passcheck,terms/:auth,passcheck,:auth:passcheck,,kPasswordCheck,,passcheck,kPasswordCheck,,default,user,password,check,,,:kind:data:discrete,:type:value:str,:type:format:scalar,,,,,,,,,,,,,,,,,,,,,,,,,,,,,,,,,,:state:application:default,Password check,Password check.,,,,
descriptors/email,:auth,email,terms/:auth,email,:auth:email,,kEmail,,email,kEmail,,default,user,e-mail,,,,:kind:data:discrete,:type:value:email,:type:format:scalar,,,,,,,,,,,,,,,,,,,,,,,,,,,,,,,,,,:state:application:default,E-mail,E-mail address.,,,,
descriptors/auth,:auth,auth,terms/:auth,data,:auth:data,,kAuthData,,auth,kAuthData,,default,user,authentication,data,,,:kind:data:discrete,:type:data:object,:type:format:scalar,,,,,,,,,,,,,,,,,,,,,,,,,,,,,,,,,,:state:application:default,Authorisation data,Credentials authorisation data.,,,,
descriptors/kind,:type,kind,terms/:type,kind,:type:kind,,kKind,,kind,kKind,,default,kind,,,,,:kind:data:categorical,:type:value:term,:type:format:scalar,,,,,,,,,,:kind:data,,,,,,,,,,,,,,,,,,,,,,,,:state:application:default,Kind,Type category or domain.,,,,
descriptors/type,:type,type,terms/:type,type,:type:type,,kType,,type,kType,,default,type,,,,,:kind:data:categorical,:type:value:term,:type:format:scalar,,,,,,,,,,:type:value,,,,,,,,,,,,,,,,,,,,,,,,:state:application:default,Data type,Data type definition.,This field contains the reference to the base data type of the descriptor.,,,
descriptors/type-key,:type,type-key,terms/:type,key,:type:key,,kTypeKey,,type-key,kTypeKey,,default,type,key,,,,:kind:data:discrete,:type:data:struct,:type:format:scalar,,,,,,,,,,,,,,,,,,,,,,,,,,,,,,,,,,:state:application:default,Key data type,Data type object keys.,"This field is used exclusively in the <em>object</em> type of key/value pairs: it defines the data type of keys; if omitted, the key is expected to be of text data type. The field is a structure containing the <code>type</code> field that defines the data type and an optional set of fields that add options to that data type.",,Using a type of <code>term</code> means that the structure keys must correspond to term <em>key references</em>.,
descriptors/type-value,:type,type-value,terms/:type,value,:type:value,,kTypeValue,,type-value,kTypeValue,,default,type,value,,,,:kind:data:discrete,:type:data:struct,:type:format:scalar,,,,,,,,,,,,,,,,,,,,,,,,,,,,,,,,,,:state:application:default,Value data type,Data type for object values.,"This field is used exclusively in the <em>object</em> type: it defines the data type of structure element values; if omitted, the values can be of any type. The field is a structure containing the <code>type</code> field that defines the data type and an optional set of fields that add options to that data type.",,This data type will be applied to all values of a structure.,
descriptors/type-cast,:type,type-cast,terms/:type,type-cast,:type:type-cast,,kTypeCast,,type-cast,kTypeCast,,default,type,validation,cast,,,:kind:data:categorical,:type:value:term,:type:format:scalar,,,,,,,,,,:enum:cast,,,,,,,,,,,,,,,,,,,,,,,,:state:application:default,Cast function,Data type cast function reference.,"This field contains a string that references a value cast function, this value is reserved to the system.",,,
descriptors/type-custom,:type,type-custom,terms/:type,type-custom,:type:type-custom,,kTypeCustom,,type-custom,kTypeCustom,,default,type,validation,custom,,,:kind:data:categorical,:type:value:term,:type:format:scalar,,,,,,,,,,:enum:validate,,,,,,,,,,,,,,,,,,,,,,,,:state:application:default,Custom validation,Custom data type validation reference.,"This field contains a string that references a custom validation function, this value is reserved to the system.",,,
descriptors/predicate,:type,predicate,terms/:type,predicate,:type:predicate,,kPredicate,,predicate,kPredicate,,default,predicate,,,,,:kind:data:categorical,:type:value:ref:id,:type:format:scalar,,,,,,,,,,:enum:predicate,,,,,,,,,,,,,,,,,,,,,,,,:state:application:default,Predicate,Relationship type.,,,,
descriptors/traversal,:type,traversal,terms/:type,traversal,:type:traversal,,kTraversal,,traversal,kTraversal,,default,traversal,direction,,,,:kind:data:categorical,:type:value:term,:type:format:scalar,,,,,,,,,,:type:traversal,,,,,,,,,,,,,,,,,,,,,,,,:state:application:default,Traversal,Relationship direction.,,,,
descriptors/format,:type,format,terms/:type,format,:type:format,,kFormat,,format,kFormat,,default,format,,,,,:kind:data:categorical,:type:value:term,:type:format:scalar,,,,,,,,,,,,,,,,,,,,,,,,,,,,,,,,,,:state:application:default,Format,The data format of the field.,"This value indicates the <em>value format</em>, it can be a <em>scalar</em>, a <em>list</em> or a <em>set</em>; this qualifier applies to the descriptor data type.",,"If you define a descriptor with a string data type, by applying the <em>scalar</em> format, the value is expected to be a single string; by applying a <em>list</em> format, the value is expected to be an array of strings; by applying the <em>set</em> format, the value is expected to be a list of unique strings.",
descriptors/unit,:type,unit,terms/:type,unit,:type:unit,,kUnit,,unit,kUnit,,default,unit,,,,,:kind:data:categorical,:type:value:term,:type:format:scalar,,,,,,,,,,:enum:unit,,,,,,,,,,,,,,,,,,,,,,,,:state:application:default,Standard unit,Default unit for data.,Provide in which <strong>measurement unit</strong> the <strong>data</strong> should be <strong>expressed</strong> in by <strong>default</strong>. Values expressed in <em>other units</em> should be <em>converted</em> to this unit.,,,
descriptors/units,:type,units,terms/:type,units,:type:units,,kUnits,,units,kUnits,,default,unit,,,,,:kind:data:categorical,:type:value:term,:type:format:set,,,,,,,,,,:enum:unit,,,,,,,,,,,,,,,,,,,,,,,,:state:application:default,Other units,List of other units in which values can be expressed.,"Provide all the <strong>list</strong> of <strong>measurement units</strong> in which <em>values</em> of <em>this type</em> <strong>may</strong> be <strong>expressed</strong> in, <em>excluding the standard unit</em>. This field is used by the system to automatically <em>convert provided values to the standard unit</em>.",,,
descriptors/terms,:enum,terms,terms/:enum,terms,:enum:terms,,kEnumTerm,,terms,kEnumTerm,,default,enumeration,term,,,,:kind:data:categorical,:type:value:enum,:type:format:set,,,,,,,,,,,,,,,,,,,,,,,,,,,,,,,,,,:state:application:default,Enumerated terms list,List of term controlled vocabularies.,"This field contains a list of <em>references</em> to <em>terms</em> that define <em>controlled vocabularies</em> that contain <en>term</em> elements, this set provides the <em>valid list of choices</em> for values of the <em>term data type</em>.",The elements of this controlled vocabulary are the <code>_key</code> field of the relative terms.,,
descriptors/fields,:enum,fields,terms/:enum,fields,:enum:fields,,kEnumField,,fields,kEnumField,,default,enumeration,descriptor,,,,:kind:data:categorical,:type:value:enum,:type:format:set,,,,,,,,,,,,,,,,,,,,,,,,,,,,,,,,,,:state:application:default,Enumerated fields list,List of descriptor controlled vocabularies.,"This field contains a list of <em>references</em> to <em>terms</em> that define <em>controlled vocabularies</em> that contain <en>descriptor</em> elements, this set provides the <em>valid list of choices</em> for values of the <em>field data type</em>.",The elements of this controlled vocabulary are the <code>gid</code> field of the relative descriptors.,,
descriptors/validation,:rule,validation,terms/:rule,validation,:rule:validation,,kValidation,,validation,kValidation,,default,validation,,,,:rank:system,:kind:data:discrete,:type:data:object,:type:format:scalar,,,,,,,,,,,,,,,,,,,,,,,,,,,,,,,,,,:state:application:default,Validation record,Structure containing validation options.,"<p>This field is a structure containing validation options, these are:</p> <ul>
<li><code>joi</code>: A string containing the chain of Joi validation commands, these will be fed to <code>eval()</code> and will be used to validate the descriptor value.</li>
<li><code>type-cast</code>: A string containing  function name that will be used to cast the value.</li>
<li><code>type-custom</code>: A string containing a function name that will be used to perform custom validation.</li>
<li><code>type-key</code>: A structure containing the first three elements of this list relating to validation of object keys.</li>
<li><code>type-value</code>: A structure containing the first three elements of this list relating to validation of object values.</li>
</ul>
",,,
descriptors/joi,:rule,joi,terms/:rule,joi,:rule:joi,,kJoi,,joi,kJoi,,default,validation,Joi,,,,:kind:data:discrete,:type:data:text,:type:format:scalar,,,,,,,,,,,,,,,,,,,,,,,,,,,,,,,,,,:state:application:default,Joi,Joi validation string.,This field contains a <em>string</em> corresponding to the <em>Joi</em> validation commands sequence for the whole field.,"The contents of this field are fed to the eval() function, so the caller must include the <em>Joi</em> JavaScript library. This field is set by the system.",,
descriptors/size,:rule,size,terms/:rule,size,:rule:size,,kSize,,size,kSize,,default,size,,,,,:kind:data:discrete,:type:value:size,:type:format:scalar,,,,,,,,,,,,,,,,,,,,,,,,,,,,,,,,,,:state:application:default,Size,Elements count range.,Provide the <strong>minimum</strong> and <strong>maximum</strong> number of <strong>elements</strong> for <em>lists</em> and <em>sets</em>.,"The <em>size</em> modifier indicates the <em>range of elements</em> when the list or set modifier is set, the <em>length</em> modifier indicates the <em>range of characters</em>, in case of a <em>string</em>, or the <em>range of elements</em> in case of types that <em>implicitly represent lists or sets</em>.",,
descriptors/length,:rule,length,terms/:rule,length,:rule:length,,kLength,,length,kLength,,default,length,,,,,:kind:data:discrete,:type:value:size,:type:format:scalar,,,,,,,,,,,,,,,,,,,,,,,,,,,,,,,,,,:state:application:default,Length,Item length range.,"Provide the <strong>minimum</strong> and <strong>maximum</strong> <strong>length</strong> for the field. If <em>not a scalar field</em>, this setting <em>applies</em> to the <em>elements</em> of the <em>list</em> or <em>set</em>.","The <em>size</em> modifier indicates the <em>range of elements</em> when the list or set modifier is set, the <em>length</em> modifier indicates the <em>range of characters</em>, in case of a <em>string</em>, or the <em>range of elements</em> in case of types that <em>implicitly represent lists or sets</em>.",,
descriptors/range,:rule,range,terms/:rule,range,:rule:range,,kRange,,range,kRange,,default,range,,,,,:kind:data:quantitative,:type:value:range,:type:format:scalar,,,,,,,,,,,,,,,,,,,,,,,,,,,,,,,,,,:state:application:default,Valid range,Range of valid values.,Provide the <strong>minimum</strong> and <strong>maximum</strong> value that the value is <em>allowed to take</em>.,,"To define a range where the *minimum* value must be *greater than zero* and the *maximum* value must *not exceed 99*: `0, 99, false, true`.",
descriptors/regex,:rule,regex,terms/:rule,regex,:rule:regex,,kRegex,,regex,kRegex,,default,regex,regular expression,,,,:kind:data:discrete,:type:value:str,:type:format:scalar,,,,,,,,,,,,,,,,,,,,,,,,,,,,,,,,,,:state:application:default,Regular expression,Regular expression used to validate input.,Provide a <strong>regular expression</strong> that the system can use for <strong>validating</strong> input values.,,To validate a *string* composed of *three digits* and *4 alphabetic lower string characters*: `[0-9]{3}[a-z]{4}`.,
descriptors/decimals,:rule,decimals,terms/:rule,decimals,:rule:decimals,,kDecimals,,decimals,kDecimals,,default,decimal,digits,,,,:kind:data:discrete,:type:value:int,:type:format:scalar,,,,,,,,,,,,,,,,,,,,,,,,,,,,,,,,,,:state:application:default,Decimals,Number of decimals.,Provide the number of <strong>decimals</strong> when <em>displaying</em> the <em>number</em>.,,,
descriptors/sort,:rule,sort,terms/:rule,sort,:rule:sort,,kSort,,sort,kSort,,default,sort,field,,,,:kind:data:categorical,:type:value:field,:type:format:scalar,,,,,,,,,,,,,,,,,,,,,,,,,,,,,,,,,,:state:application:default,Sort,Sort field reference.,"The <em>property</em> may be <em>contained</em> the <em>vertex</em>, <em>edge</em> or in the edge <em>branch</em>. The <code>_key</code> value of the <em>referenced descriptor</em> will be used as the <em>match</em>. The <em>precedence order</em> is the <em>branch</em>, <em>edge</em> and <em>vertex</em>. The <em>traversal property</em> will be used to <em>determine which vertex to choose</em>: for <em>inbound</em> it will be the <em>source</em> node, for <em>outbound</em> it will be the <em>destination</em> node.","This property can be <em>set in two places</em>: at the <em>structure root node</em>, in which case it will be <em>inherited</em> by all <em>sibling edges</em>; or in an <em>edge</em>, in which case it will be <em>inherited</em> by all the <em>edge siblings</em>.",,
descriptors/init,:rule,init,terms/:rule,init,:rule:init,,kInit,,init,kInit,,default,initialiser,field,,,,:kind:data:categorical,:type:value:field,:type:format:scalar,,,,,,,,,,,,,,,,,,,,,,,,,,,,,,,,,,:state:application:default,Value initialiser,Value initialiser field reference.,"This is a reference to a field that is an element of a form, when set in a form field definition it indicates that if the form field is empty, its value should be initialised from the value of the field referenced by this descriptor. If the form field has the protected status, this value cannot be modified.",This descriptor is generally used in class or form edges to indicate that the descriptor referenced by the edge should take the value from the field (descriptor) referenced by this descriptor. The reference is expressed as the <code>gid</code> of the referenced descriptor.,,
descriptors/enable,:rule,enable,terms/:rule,enable,:rule:enable,,kEnable,,enable,kEnable,,default,enabler,field,,,,:kind:data:categorical,:type:value:field,:type:format:scalar,,,,,,,,,,,,,,,,,,,,,,,,,,,,,,,,,,:state:application:default,Field enabler,Field enabler field reference.,"This is a reference to a field that is an element of a form, when set in a form field definition it indicates that if the form contains the non empty field referenced in this descriptor, the current field will be enabled; if the referenced field is missing or empty, the current field will be disabled.",This descriptor is generally used in class or form edges to indicate that the descriptor referenced by the edge should be enabled only if the field (descriptor) referenced by this descriptor is set. The reference is expressed as the <code>gid</code> of the referenced descriptor.,,
descriptors/switch,:rule,switch,terms/:rule,switch,:rule:switch,,kSwitch,,switch,kSwitch,,default,enabler,field,switch,,,:kind:data:categorical,:type:value:field,:type:format:set,,,,,,,,,,,,,,,,,,,,,,,,,,,,,,,,,,:state:application:default,Enabler switch,Field enabler switch selection.,"This is a reference to a set of fields, including the current one, that are elements of a form: when set in a form field definition and the current field is present and set, all the other fields contained in this switch list will be disabled.",,,
descriptors/group,:role,group,terms/:role,group,:role:group,,kGroup,,group,kGroup,,default,user,group,,,,:kind:data:discrete,:type:value:ref:id,:type:format:scalar,,,,,,,,,,,,,,,,,,,,,,,,,,,,,,,,,,:state:application:default,Group,User group.,The user group to which the current user belongs.,,,
descriptors/manager,:role,manager,terms/:role,manager,:role:manager,,kManager,,manager,kManager,,default,user,manager,,,,:kind:data:discrete,:type:value:ref:id,:type:format:scalar,,,,,,,,,,,,,,,,,,,,,,,,,,,,,,,,,,:state:application:default,Manager,User manager.,The user or process that is the manager of the current user.,,,
descriptors/rank,:role,rank,terms/:role,rank,:role:rank,,kRank,,rank,kRank,,default,user,rank,,,,:kind:data:categorical,:type:value:term,:type:format:scalar,,,,,,,,,,:enum:rank,,,,,,,,,,,,,,,,,,,,,,,,:state:application:default,Rank,User rank.,,Ranks belong to a controlled vocabulary organised in <em>hierarchical levels</em> determined by the <code>level</code> field. Lower <code>level</code> values correspond to higher hierarchical levels.,"A rank with level <code>2</code> will authorise ranks of <code>level</code> less than and including <code>2</code>, but will forbid ranks with <code>level</code> higher than <code>2</code>.",
descriptors/role,:role,role,terms/:role,role,:role:role,,kRole,,role,kRole,,default,user,role,,,,:kind:data:categorical,:type:value:term,:type:format:set,,,,,,,,,,:enum:role,,,,,,,,,,,,,,,,,,,,,,,,:state:application:default,Role,User roles.,,,,
descriptors/deploy,:state,deploy,terms/:state,deploy,:state:deploy,,kDeploy,,deploy,kDeploy,,default,state,deployment,,,,:kind:data:categorical,:type:value:term,:type:format:scalar,,,,,,,,,,:state:application,,,,,,,,,,,,,,,,,,,,,,,,:state:application:default,Implementation,Implementation status.,This value indicates the <strong>implementation level</strong> at which the item was <strong>deployed</strong>.,,,
descriptors/status,:state,status,terms/:state,status,:state:status,,kStatus,,status,kStatus,,default,state,status,,,,:kind:data:categorical,:type:value:term,:type:format:scalar,,,,,,,,,,:state:status,,,,,,,,,,,,,,,,,,,,,,,,:state:application:default,Status,Status of the object.,"This value indicates the <strong>status</strong> of the <strong>item</strong>, it provides information on the <em>implementation component level</em> and on the <em>validation state</em>.",,,
descriptors/access,:state,access,terms/:state,access,:state:access,,kAccess,,access,kAccess,,default,state,access,,,,:kind:data:categorical,:type:value:term,:type:format:scalar,,,,,,,,,,:state:access,,,,,,,,,,,,,,,,,,,,,,,,:state:application:default,Access,Access rights to the object.,"This value indicates the <strong>access status</strong> to the item, it provides information on <strong>who</strong> and <strong>how</strong> the item can be <strong>managed</strong>.",,,
descriptors/usage,:state,usage,terms/:state,usage,:state:usage,,kUsage,,usage,kUsage,,default,state,usage,,,,:kind:data:categorical,:type:value:term,:type:format:scalar,,,,,,,,,,:state:usage,,,,,,,,,,,,,,,,,,,,,,,,:state:application:default,Usage,Usage options.,"This value indicates the <strong>usage status</strong>, it provides information on the <strong>requirements</strong> and <strong>restrictions</strong> in <strong>using</strong> the item.",,,
descriptors/interface,:state,interface,terms/:state,interface,:state:interface,,kInterface,,interface,kInterface,,default,state,interface,,,,:kind:data:categorical,:type:value:term,:type:format:scalar,,,,,,,,,,:state:interface,,,,,,,,,,,,,,,,,,,,,,,,:state:application:default,Interface,Interface options.,"This value indicates how the item is to be exchanged wit the system, as a read-only property, as a modifiable field or as a hidden value.",,,
descriptors/level,:state,level,terms/:state,level,:state:level,,kLevel,,level,kLevel,,default,hierarchy,level,,,,:kind:data:ordinal,:type:data:numeric,:type:format:scalar,,,,,,,,,,,,,,,,,,,,,,,,,,,,,,,,,,:state:application:default,Level,Level or hierarchy.,"This value indicates the <strong>hierarchy level</strong> of the item, it contains a <strong>numeric value</strong> that represents the <strong>level</strong> in the <strong>hierarchy</strong>. <em>Lower values</em> represent a <em>higher importance level</em>, this means that current attributes <em>cannot</em> be of a <em>level</em> with a <em>lower value</em> than the eventual <em>inherited attribute</em>.",,,
descriptors/order,:state,order,terms/:state,order,:state:order,,kOrder,,order,kOrder,,default,sort,order,,,,:kind:data:ordinal,:type:data:numeric,:type:format:scalar,,,,,,,,,,,,,,,,,,,,,,,,,,,,,,,,,,:state:application:default,Order,Sequence or order.,"This value indicates the <strong>order</strong> of the item in a list, it contains a <strong>numeric value</strong> that represents the <strong>position</strong> in the <strong>list</strong>. <em>Lower values</em> will have a <em>lower position</em>.",,,
descriptors/language,:state,language,terms/:state,language,:state:language,,kLanguage,,language,kLanguage,,default,language,,,,,:kind:data:categorical,:type:value:term,:type:format:scalar,,,,,,,,,,:enum:language,,,,,,,,,,,,,,,,,,,,,,,,:state:application:default,Language,Default language.,This value indicates the <strong>default language</strong> in which the application elements will be <strong>displayed</strong>.,,,
descriptors/label,:def,label,terms/:def,label,:def:label,,kLabel,,label,kLabel,,default,label,name,,,,:kind:data:qualitative,:type:data:object,:type:format:scalar,:type:value:term,:enum:language,ISO:639:3,ISO:639:2,ISO:639:5,ISO:639:local,GN:language,GEOnet:language,:type:data:text,,,,,,,,,,,,,,,,,,,,,,,,,:state:application:default,Label,"Name, label or short description","Provide a <strong>short description</strong> that can be used to <strong>name</strong> the current object. This text should allow a human reader to <em>identify the object</em> in colloquial terms. Such values will be used as <em>field labels</em> in a form, or as descriptive <em>labels</em> in a table header.",,For Mid-upper arm circumference: `Mid-upper arm circumference`,
descriptors/definition,:def,definition,terms/:def,definition,:def:definition,,kDefinition,,definition,kDefinition,,default,definition,,,,,:kind:data:qualitative,:type:data:object,:type:format:scalar,:type:value:term,:enum:language,ISO:639:3,ISO:639:2,ISO:639:5,ISO:639:local,GN:language,GEOnet:language,:type:data:text,,,,,,,,,,,,,,,,,,,,,,,,,:state:application:default,Definition,Full object definition.,"Provide the <strong>full definition</strong> for the object, this text should clearly explain <strong>what</strong> the object is. Such values will be used as <em>tooltips</em> that provide additional information to the labels.",,For Mid-upper arm circumference:\n`MUAC is the circumference of the left upper arm and is measured at the mid-point between the tips of the shoulder and elbow.`,
descriptors/description,:def,description,terms/:def,description,:def:description,,kDescription,,description,kDescription,,default,description,,,,,:kind:data:qualitative,:type:data:object,:type:format:scalar,:type:value:term,:enum:language,ISO:639:3,ISO:639:2,ISO:639:5,ISO:639:local,GN:language,GEOnet:language,:type:value:html,,,,,,,,,,,,,,,,,,,,,,,,,:state:application:default,Description,Full object description,"Provide the <strong>full description</strong> of the object and the environment in which it is used. This explanation should convey <strong>how</strong> the object functions or, in the case of a measurement, the <strong>methods</strong> used to obtain it.",,"For Mid-upper arm circumference:\n\n> To measure:\n>\n> 1. Bend the left arm, find and mark with a pen the olecranon process and acromium.\n> 2. Mark the mid-point between these two marks.\n> 3. With the arm hanging straight down, wrap a MUAC tape around the arm at the midpoint mark.\n> 4. Measure to the nearest 1 mm.\n>\n> In children 6-59 month old, MUAC <110 mm indicates severe acute malnutrition and is recommended as …",
descriptors/note,:def,note,terms/:def,note,:def:note,,kNote,,note,kNote,,default,note,,,,,:kind:data:qualitative,:type:data:object,:type:format:scalar,:type:value:term,:enum:language,ISO:639:3,ISO:639:2,ISO:639:5,ISO:639:local,GN:language,GEOnet:language,:type:value:html,,,,,,,,,,,,,,,,,,,,,,,,,:state:application:default,Notes,Notes and comments,"Provide here general <strong>comments</strong> and <strong>annotations</strong>, this field can also be used to provide information about <strong>implementation details</strong> and <strong>instructions</strong> directed towards <em>users</em> that need to <em>customise</em> the system.",,For Mid-upper arm circumference:\n`MUAC is the circumference of the left upper arm and is measured at the mid-point between the tips of the shoulder and elbow.`,
descriptors/example,:def,example,terms/:def,example,:def:example,,kExample,,example,kExample,,default,example,,,,,:kind:data:qualitative,:type:data:object,:type:format:scalar,:type:value:term,:enum:language,ISO:639:3,ISO:639:2,ISO:639:5,ISO:639:local,GN:language,GEOnet:language,:type:value:html,,,,,,,,,,,,,,,,,,,,,,,,,:state:application:default,Examples,List of examples.,Provide a list of <strong>examples</strong> and <strong>explanations</strong> to to give a summary of the different forms in which the item can be <em>found</em> and <em>provided</em>.,,,
descriptors/domain,:def,domain,terms/:def,domain,:def:domain,,kDomain,,domain,kDomain,,default,domain,,,,,:kind:data:categorical,:type:value:term,:type:format:scalar,,,,,,,,,,:type:domain,,,,,,,,,,,,,,,,,,,,,,,,:state:application:default,Domain,Domain of the current item.,Provide the <strong>domain</strong> to which the current item <strong>belongs</strong>.,,,
descriptors/collection,:def,collection,terms/:def,collection,:def:collection,,kCollection,,collection,kCollection,,default,collection,,,,,:kind:data:categorical,:type:value:term,:type:format:scalar,,,,,,,,,,:enum:collection,,,,,,,,,,,,,,,,,,,,,,,,:state:application:default,Collection,Collection to which the current item belongs.,"<em>User defined objects</em> are stored in <em>collections</em> that <em>group</em> objects by <em>domain</em>. In general, the <em>domain</em> and the <em>collection</em> are <em>related</em>, except that the <em>collection</em> should <em>group</em> objects with <em>similar structures</em>.",,,
descriptors/class,:def,class,terms/:def,class,:def:class,,kClass,,class,kClass,,default,class,,,,,:kind:data:categorical,:type:value:term,:type:format:scalar,,,,,,,,,,:enum:class,,,,,,,,,,,,,,,,,,,,,,,,:state:application:default,Class,Class that applies to the current item.,The class contains the required fields for the current item.,,,
descriptors/store,:def,store,terms/:def,store,:def:store,,kStorage,,store,kStorage,,default,collection,storage,,,,:kind:data:categorical,:type:value:term,:type:format:scalar,,,,,,,,,,:type:collection,,,,,,,,,,,,,,,,,,,,,,,,:state:application:default,Store,Collection storage type.,Provide the storage type of the collection.,,,
descriptors/instance,:def,instance,terms/:def,instance,:def:instance,,kInstance,,instance,kInstance,,default,instance,,,,,:kind:data:categorical,:type:value:term,:type:format:scalar,,,,,,,,,,:enum:instance,,,,,,,,,,,,,,,,,,,,,,,,:state:application:default,Instance,Instance type.,The instance associated with the current item.,This field contains the instance to which the current object refers to.,A data type term is an instance of a data type.,
descriptors/instances,:def,instances,terms/:def,instances,:def:instances,,kInstances,,instances,kInstances,,default,instance,,,,,:kind:data:categorical,:type:value:term,:type:format:set,,,,,,,,,,:enum:instance,,,,,,,,,,,,,,,,,,,,,,,,:state:application:default,Instances,Object instance types.,All the contexts in which the current object has been instantiated in.,The instances list all instances in which the current object was used.,"A data type term is an instance of a data type, but it is also instantiated as a controlled vocabulary element: the data type instance will be set in the instance field, while the data type and the enumeration element instances will be set in the instances list.",
descriptors/category,:def,category,terms/:def,category,:def:category,,kCategory,,category,kCategory,,default,category,,,,,:kind:data:categorical,:type:value:term,:type:format:set,,,,,,,,,,,,,,,,,,,,,,,,,,,,,,,,,,:state:application:default,Category,"Category, group or classification.","<p>This field is used as a <strong>category</strong>, <strong>group</strong> or <strong>classification</strong>.</p>
<p>If <em>provided</em> in <em>terms</em> that <em>define</em> a <em>controlled vocabulary</em>, it will be used as the <em>choice list</em> for the <em>branch state field</em> in <em>edge branch elements</em>.</p>","When inserting new elements of an enumeration, this field is used to provide the choice list for the branch type field in edge branch structures. As the <em>enumeration</em> is <em>traversed</em>, the <em>destination node</em> is probed for this field, if it has it, the <em>branch type field</em> will be made available with the enumeration held in this field: the <em>selected value</em> will be the <em>category</em> of the <em>source node</em>.",,
descriptors/attributes,:def,attributes,terms/:def,attributes,:def:attributes,,kAttributes,,attributes,kAttributes,,default,attribute,,,,,:kind:data:categorical,:type:value:term,:type:format:set,,,,,,,,,,,,,,,,,,,,,,,,,,,,,,,,,,:state:application:default,Attributes,Attributes and qualifiers.,"Generic <em>attributes</em> and <em>qualifiers</em>, is generally part of a structure and applies to the current element.",,,
descriptors/info,:def,info,terms/:def,info,:def:info,,kInfo,,info,kInfo,,default,reference,information,,,,:kind:data:discrete,:type:value:url,:type:format:set,,,,,,,,,,,,,,,,,,,,,,,,,,,,,,,,,,:state:application:default,References,Information references.,This field contains a <em>link</em> to an <em>internet resource</em> that provides <em>reference</em> information about the current item.,,,
descriptors/schema,:def,schema,terms/:def,schema,:def:schema,,kSchema,,schema,kSchema,,default,reference,schema,,,,:kind:data:discrete,:type:value:url,:type:format:scalar,,,,,,,,,,,,,,,,,,,,,,,,,,,,,,,,,,:state:application:default,Schema,Reference to schema.,This field contains a <em>link</em> to an <em>internet resource</em> that provides the <em>schema</em> or <em>structure</em> of the current item.,,,
descriptors/latitude,:def,latitude,terms/:def,latitude,:def:latitude,,kLatitude,,latitude,kLatitude,,default,latitude,,,,,:kind:data:discrete,:type:data:numeric,:type:format:scalar,,,,,,,,,,,,,,,,,,,,,,,,,,,-90.0,90.0,TRUE,TRUE,,,,:state:application:default,Latitude,Latitude in decimal degrees.,,,,
descriptors/longitude,:def,longitude,terms/:def,longitude,:def:longitude,,kLongitude,,longitude,kLongitude,,default,longitude,,,,,:kind:data:discrete,:type:data:numeric,:type:format:scalar,,,,,,,,,,,,,,,,,,,,,,,,,,,-180.0,180.0,TRUE,TRUE,,,,:state:application:default,Longitude,Longitude in decimal degrees.,,,,
descriptors/shape,:def,shape,terms/:def,shape,:def:shape,,kShape,,shape,kShape,,default,shape,,,,,:kind:data:discrete,:type:value:geojson,:type:format:scalar,,,,,,,,,,,,,,,,,,,,,,,,,,,,,,,,,,:state:application:default,Shape,Shape or coordinates of the item.,This field holds a <em><a href='http://geojson.org/'>GeoJSON</a></em> structure that provides information about the <em>geometry</em> and <em>geographic position</em> of the current item.,,,
descriptors/branches,:edge,branches,terms/:edge,branches,:edge:branches,,kBranches,,branches,kBranches,,default,graph,branch,,,,:kind:data:categorical,:type:value:ref:id,:type:format:set,,,,,,,,,,,,,,,,,,,,,,,,,,,,,,,,,,:state:application:default,Relationship branches,List of branches passing through the current edge.,This field contains the <strong>set</strong> of <strong>branches</strong> <strong>passing through</strong> the current <strong>edge</strong>. It is a <em>set</em> of the <em>root nodes</em> for all <em>structures traversing the edge</em>.,,,
descriptors/modifiers,:edge,modifiers,terms/:edge,modifiers,:edge:modifiers,,kModifiers,,modifiers,kModifiers,,default,graph,branch,modifier,,,:kind:data:discrete,:type:data:object,:type:format:scalar,:type:value:ref:id,,,,,,,,:type:data:struct,,,,,,,,,,,,,,,,,,,,,,,,,:state:application:default,Relationship branch,Relationship edge branch identifier.,"This field is a <em>structure</em> in which the <em>key</em> is the <em>edge branch identifier</em>, <code>_id</code>, and the <em>value</em> is a <em>structure</em> containing the <em>modifier fields</em> that <em>apply to the specific branch.</em>",,,
descriptors/cdate,:stat,cdate,terms/:stat,cdate,:stat:cdate,,kCDate,,cdate,kCDate,,default,creation,date,,,,:kind:data:discrete,:type:value:date,:type:format:scalar,,,,,,,,,,,,,,,,,,,,,,,,,,,,,,,,,,:state:application:default,Creation date,Date created.,,,,
descriptors/cstamp,:stat,cstamp,terms/:stat,cstamp,:stat:cstamp,,kCStamp,,cstamp,kCStamp,,default,creation,date,timestamp,,,:kind:data:discrete,:type:value:stamp,:type:format:scalar,,,,,,,,,,,,,,,,,,,,,,,,,,,,,,,,,,:state:application:default,Creation time,Date and time of creation.,,,,
descriptors/mdate,:stat,mdate,terms/:stat,mdate,:stat:mdate,,kMDate,,mdate,kMDate,,default,modification,date,,,,:kind:data:discrete,:type:value:date,:type:format:scalar,,,,,,,,,,,,,,,,,,,,,,,,,,,,,,,,,,:state:application:default,Modification date,Last modification date.,,,,
descriptors/mstamp,:stat,mstamp,terms/:stat,mstamp,:stat:mstamp,,kMStamp,,mstamp,kMStamp,,default,modification,date,timestamp,,,:kind:data:discrete,:type:value:stamp,:type:format:scalar,,,,,,,,,,,,,,,,,,,,,,,,,,,,,,,,,,:state:application:default,Modification time,Last modification date and time.,,,,
descriptors/edate,:stat,edate,terms/:stat,edate,:stat:edate,,kEDate,,edate,kEDate,,default,validation,enabled,date,,,:kind:data:discrete,:type:value:date,:type:format:scalar,,,,,,,,,,,,,,,,,,,,,,,,,,,,,,,,,,:state:application:default,Validation date,Date in which the item was validated.,,,,
descriptors/tdate,:stat,tdate,terms/:stat,tdate,:stat:tdate,,kTDate,,tdate,kTDate,,default,termination,date,,,,:kind:data:discrete,:type:value:date,:type:format:scalar,,,,,,,,,,,,,,,,,,,,,,,,,,,,,,,,,,:state:application:default,Termination date,Date in which the item was terminated.,,,,
descriptors/doc_desc,:stat,doc_desc,terms/:stat,doc_desc,:stat:doc_desc,,kDocDesc,,doc_desc,kDocDesc,,default,document,descriptor,instance,,,:kind:data:discrete,:type:data:object,:type:format:scalar,,,,,,,,,,,,,,,,,,,,,,,,,,,,,,,,,,:state:application:default,Document descriptor instances,Descriptor instances in documents.,"<p>This field is managed by the system and automatically updated whenever a document is inserted and updated, it keeps track of all value descriptors in the document. It is a structure organised as follows:</p>
<p><code>{ leaf: [path, ... path], ... }</code></p>
<p>The <code>leaf</code> represents the attribute name of descriptors that are <em>not structures</em>, if we imagine an object as a tree structure, the leaf represents the leaf nodes of the tree. The <code>path</code> represents all instances of the <code>leaf</code> in the document with the full path to the leaf expressed as the structure names separated by a <code>.</code>For instance, in the path <code>a.b.c</code>,  <code>c</code> is the leaf and <code>a.b</code> is the path to that leaf.</p>
<p><strong><em>This field is only present in documents stored in user created collections.</em></strong></p>",,,
descriptors/col_desc,:stat,col_desc,terms/:stat,col_desc,:stat:col_desc,,kColDesc,,col_desc,kColDesc,,default,collection,descriptor,instance,,,:kind:data:discrete,:type:data:object,:type:format:scalar,,,,,,,,,,,,,,,,,,,,,,,,,,,,,,,,,,:state:application:default,Collection descriptor instances,Descriptor instances in collections.,<p>This field is stored in terms that represent user defined collections. It is managed by the system and automatically updated whenever a document is inserted and updated. It keeps track of the distinct structures of all documents stored in the collection. It is a list of unique strings in the form <code>a.b.c</code> in which all field instance paths are subdivided by attribute name separated by a <code>.</code> This field is used to collect all encountered structures in the collection.</p><p><strong><em>This field is only managed in user created collections.</em></strong></p>,,,
descriptors/db_desc,:stat,db_desc,terms/:stat,db_desc,:stat:db_desc,,kDbDesc,,db_desc,kDbDesc,,default,global,descriptor,instance,,,:kind:data:discrete,:type:data:object,:type:format:scalar,,,,,,,,,,,,,,,,,,,,,,,,,,,,,,,,,,:state:application:default,Global descriptor instances,Descriptor instances in the database.,"<p>This field is stored in user defined descriptors, it is managed by the system and automatically updated whenever a document is inserted and updated. It keeps track of all instances of the descriptor in the database and is structured as follows:</p>
<p><code>{count: N, tree: {path: N}}</code></p>
<p>The <code>count</code> represents the total number of the descriptor instances.</p>
<p>The <code>tree</code> contains all distinct <code>path</code> instances.</p>
<p>The <code>path</code> represents all instances of the descriptor in any document with the full path to the descriptor expressed as the structure names separated by a ""<code>.</code>"". For instance, in the path <code>a.b.c</code>,  ""<code>c</code>"" is the leaf and ""<code>a.b</code>"" is the path to that leaf. This value is used as the attribute name and the attribute value represents the count of descriptor instances using that particular path; the sum of all counts will be equal to the <code>count</code> value.</p>
<p><strong><em>This field is only present in documents stored in user created collections.</em></strong></p>",,,
descriptors/STD_region,STD,STD_region,terms/STD,region,STD:region,,kStd_Region,,STD_region,kStd_Region,,standard,region,,,,,:kind:data:categorical,:type:value:term,:type:format:scalar,,,,,,,,,,GN:continent,WB:region,,,,,,,,,,,,,,,,,,,,,,,:state:application:standard,Region,,,,,
descriptors/STD_country,STD,STD_country,terms/STD,country,STD:country,,kStd_Country,,STD_country,kStd_Country,,standard,country,,,,,:kind:data:categorical,:type:value:term,:type:format:scalar,,,,,,,,,,ISO:3166:1,ISO:3166:3,WB:country,FIPS:poli,GEOnet:political,,,,,,,,,,,,,,,,,,,,:state:application:standard,Country,,,,,
descriptors/STD_language,STD,STD_language,terms/STD,language,STD:language,,kStd_Language,,STD_language,kStd_Language,,standard,language,,,,,:kind:data:categorical,:type:value:term,:type:format:scalar,,,,,,,,,,:enum:language,ISO:639:3,ISO:639:2,ISO:639:5,ISO:639:local,GN:language,GEOnet:language,,,,,,,,,,,,,,,,,,:state:application:standard,Language,,,,,
descriptors/STD_languages,STD,STD_languages,terms/STD,languages,STD:languages,,kStd_Languages,,STD_languages,kStd_Languages,,standard,language,,,,,:kind:data:categorical,:type:value:term,:type:format:set,,,,,,,,,,:enum:language,ISO:639:3,ISO:639:2,ISO:639:5,ISO:639:local,GN:language,GEOnet:language,,,,,,,,,,,,,,,,,,:state:application:standard,Languages,,,,,
descriptors/STD_currency,STD,STD_currency,terms/STD,currency,STD:currency,,kStd_Currency,,STD_currency,kStd_Currency,,standard,currency,,,,,:kind:data:categorical,:type:value:term,:type:format:scalar,,,,,,,,,,ISO:4217,,,,,,,,,,,,,,,,,,,,,,,,:state:application:standard,Currency,,,,,
descriptors/STD_currencies,STD,STD_currencies,terms/STD,currencies,STD:currencies,,kStd_Currencies,,STD_currencies,kStd_Currencies,,standard,currency,,,,,:kind:data:categorical,:type:value:term,:type:format:set,,,,,,,,,,ISO:4217,,,,,,,,,,,,,,,,,,,,,,,,:state:application:standard,Currencies,,,,,
descriptors/STD_sex,STD,STD_sex,terms/STD,sex,STD:sex,,kStd_Sex,,STD_sex,kStd_Sex,,standard,sex,,,,,:kind:data:categorical,:type:value:term,:type:format:scalar,,,,,,,,,,STD:sex,,,,,,,,,,,,,,,,,,,,,,,,:state:application:standard,Sex,,,,,
descriptors/STD_birthdate,STD,STD_birthdate,terms/STD,birthdate,STD:birthdate,,kStd_Birthdate,,STD_birthdate,kStd_Birthdate,,standard,birth,date,,,,:kind:data:discrete,:type:value:date,:type:format:scalar,,,,,,,,,,,,,,,,,,,,,,,,,,,,,,,,,,:state:application:standard,Birth date,Date of birth.,The date may omit the day or the month and day.,,,
descriptors/STD_age_years,STD,STD_age_years,terms/STD,age-years,STD:age-years,,kStd_AgeYears,,STD_age_years,kStd_AgeYears,,standard,age,year,,,,:kind:data:quantitative,:type:value:int,:type:format:scalar,,,,,,,,,,,,,,,,,,,,,,,,,,,,,,,:type:unit:age:y,,,:state:application:standard,Years of age,Age in years.,,,,
descriptors/STD_age_months,STD,STD_age_months,terms/STD,age-months,STD:age-months,,kStd_AgeMonths,,STD_age_months,kStd_AgeMonths,,standard,age,month,,,,:kind:data:discrete,:type:value:int,:type:format:scalar,,,,,,,,,,,,,,,,,,,,,,,,,,,,,,,:type:unit:age:m,,,:state:application:standard,Months of age,Age in months.,,,,
descriptors/STD_age_days,STD,STD_age_days,terms/STD,age-days,STD:age-days,,kStd_AgeDays,,STD_age_days,kStd_AgeDays,,standard,age,day,,,,:kind:data:discrete,:type:value:int,:type:format:scalar,,,,,,,,,,,,,,,,,,,,,,,,,,,,,,,:type:unit:age:d,,,:state:application:standard,Days of age,Age in days.,,,,
descriptors/STD_avail_data,STD:avail,STD_avail_data,terms/STD:avail,data,STD:avail:data,,kStdAvail_Data,,STD_avail_data,kStdAvail_Data,dataavailability,standard,available,data,,,,:kind:data:categorical,:type:value:term,:type:format:scalar,,,,,,,,,,STD:avail,,,,,,,,,,,,,,,,,,,,,,,,:state:application:standard,Data available,Availability of data.,,,,
descriptors/STD_avail_meta,STD:avail,STD_avail_meta,terms/STD:avail,meta,STD:avail:meta,,kStdAvail_Meta,,STD_avail_meta,kStdAvail_Meta,metadataavailability,standard,available,metadata,,,,:kind:data:categorical,:type:value:term,:type:format:scalar,,,,,,,,,,STD:avail,,,,,,,,,,,,,,,,,,,,,,,,:state:application:standard,Metadata available,Availability of metadata.,,,,
descriptors/STD_geo_location,STD:geo,STD_geo_location,terms/STD:geo,location,STD:geo:location,,kStdGeo_Location,,STD_geo_location,kStdGeo_Location,,standard,geography,location,,,,:kind:data:categorical,:type:value:term,:type:format:scalar,,,,,,,,,,GN:continent,ISO:3166:1,ISO:3166:3,WB:region,WB:country,FIPS:poli,GEOnet:political,ISO:3166:2,FIPS:admin,GN:admin,GEOnet:ADM1,,,,,,,,,,,,,,:state:application:standard,Location,Geographic or administrative location.,,,,
descriptors/STD_geo_locations,STD:geo,STD_geo_locations,terms/STD:geo,locations,STD:geo:locations,,kStdGeo_Locations,,STD_geo_locations,kStdGeo_Locations,,standard,geography,location,,,,:kind:data:categorical,:type:value:term,:type:format:set,,,,,,,,,,GN:continent,ISO:3166:1,ISO:3166:3,WB:region,WB:country,FIPS:poli,GEOnet:political,ISO:3166:2,FIPS:admin,GN:admin,GEOnet:ADM1,,,,,,,,,,,,,,:state:application:standard,Locations,Geographic or administrative locations.,,,,
descriptors/STD_geo_location_names,STD:geo,STD_geo_location_names,terms/STD:geo,location-names,STD:geo:location-names,,kStdGeo_LocationNames,,STD_geo_location_names,kStdGeo_LocationNames,,standard,geography,location,,,,:kind:data:categorical,:type:value:str,:type:format:set,,,,,,,,,,,,,,,,,,,,,,,,,,,,,,,,,,:state:application:standard,Locations,Geographic or administrative location names.,,,,
descriptors/STD_geo_politic,STD:geo,STD_geo_politic,terms/STD:geo,politic,STD:geo:politic,,kStdGeo_Politic,,STD_geo_politic,kStdGeo_Politic,,standard,geography,political,,,,:kind:data:categorical,:type:value:term,:type:format:scalar,,,,,,,,,,ISO:3166:1,ISO:3166:3,WB:region,WB:country,FIPS:poli,GEOnet:political,,,,,,,,,,,,,,,,,,,:state:application:standard,Geopolitical enttity,"Countries, dependencies, and areas of special sovereignty.",,,,
descriptors/STD_geo_admin,STD:geo,STD_geo_admin,terms/STD:geo,admin,STD:geo:admin,,kStdGeo_Admin,,STD_geo_admin,kStdGeo_Admin,,standard,geography,administrative unit,,,,:kind:data:categorical,:type:value:term,:type:format:scalar,,,,,,,,,,ISO:3166:2,FIPS:admin,GN:admin,GEOnet:ADM1,WB:region,,,,,,,,,,,,,,,,,,,,:state:application:standard,Geographic administrative division,,,,,
descriptors/STD_geo_class,STD:geo,STD_geo_class,terms/STD:geo,class,STD:geo:class,,kStdGeo_Class,,STD_geo_class,kStdGeo_Class,,standard,geography,feature,class,,,:kind:data:categorical,:type:value:term,:type:format:scalar,,,,,,,,,,FIPS:class,GN:fclass,GEOnet:FC,,,,,,,,,,,,,,,,,,,,,,:state:application:standard,Feature class,Geographic feature class.,,,,
descriptors/STD_geo_type,STD:geo,STD_geo_type,terms/STD:geo,type,STD:geo:type,,kStdGeo_Type,,STD_geo_type,kStdGeo_Type,,standard,geography,feature,type,,,:kind:data:categorical,:type:value:term,:type:format:scalar,,,,,,,,,,ISO:3166:type,FIPS:type,GN:ftype,GEOnet:DSG,,,,,,,,,,,,,,,,,,,,,:state:application:standard,Feature type,Geographic feature type.,,,,
descriptors/STD_geo_DEG,STD:geo,STD_geo_DEG,terms/STD:geo,DEG,STD:geo:DEG,,kStdGeo_Deg,,STD_geo_DEG,kStdGeo_Deg,,standard,geography,decimal,degrees,,,:kind:data:discrete,:type:data:numeric,:type:format:list,,,,,,,,,,,,,,,,,,,,,,2,2,TRUE,TRUE,,,,,,,,,:state:application:standard,Coordinate (DEG),"Geographic coordinates as an array of two elements, respectively the longitude and latitude in decimal degrees format. ",,,,
descriptors/STD_geo_DMS,STD:geo,STD_geo_DMS,terms/STD:geo,DMS,STD:geo:DMS,,kStdGeo_Dms,,STD_geo_DMS,kStdGeo_Dms,,standard,geography,degrees,,,,:kind:data:discrete,:type:value:str,:type:format:list,,,,,,,,,,,,,,,,,,,,,,2,2,TRUE,TRUE,,,,,,,,,:state:application:standard,Coordinate (DMS),"Geographic coordinates as an array of two elements, respectively the longitude and latitude in degrees, minutes and seconds format. ",,,,
descriptors/STD_geo_MGRS,STD:geo,STD_geo_MGRS,terms/STD:geo,MGRS,STD:geo:MGRS,,kStdGeo_Mgrs,,STD_geo_MGRS,kStdGeo_Mgrs,,standard,geography,MGRS,,,,:kind:data:discrete,:type:value:str,:type:format:scalar,,,,,,,,,,,,,,,,,,,,,,,,,,,,,,,,,,:state:application:standard,Coordinate (MGRS),Military Grid Reference System coordinates.,,,,
descriptors/STD_geo_JOG,STD:geo,STD_geo_JOG,terms/STD:geo,JOG,STD:geo:JOG,,kStdGeo_Jog,,STD_geo_JOG,kStdGeo_Jog,,standard,geography,JOG,,,,:kind:data:categorical,:type:value:str,:type:format:scalar,,,,,,,,,,,,,,,,,,,,,,,,,,,,,,,,,,:state:application:standard,Joint Operations Graphics,Joint Operation Graphics code.,,,,
descriptors/STD_geo_area,STD:geo,STD_geo_area,terms/STD:geo,area,STD:geo:area,,kStdGeo_Area,,STD_geo_area,kStdGeo_Area,,standard,geography,area,,,,:kind:data:quantitative,:type:data:numeric,:type:format:scalar,,,,,,,,,,,,,,,,,,,,,,,,,,,,,,,:type:unit:area:km,,,:state:application:standard,Area,Area in square kilometers.,,,,
descriptors/STD_geo_population,STD:geo,STD_geo_population,terms/STD:geo,population,STD:geo:population,,kStdGeo_Population,,STD_geo_population,kStdGeo_Population,,standard,geography,population,,,,:kind:data:quantitative,:type:value:int,:type:format:scalar,,,,,,,,,,,,,,,,,,,,,,,,,,,,,,,,,,:state:application:standard,Population,,,,,
descriptors/STD_geo_elevation,STD:geo,STD_geo_elevation,terms/STD:geo,elevation,STD:geo:elevation,,kStdGeo_Elevation,,STD_geo_elevation,kStdGeo_Elevation,,standard,geography,elevation,,,,:kind:data:quantitative,:type:value:int,:type:format:scalar,,,,,,,,,,,,,,,,,,,,,,,,,,,,,,,:type:unit:length:m,,,:state:application:standard,Elevation,Altitude in meters.,,,,
descriptors/STD_geo_DEM,STD:geo,STD_geo_DEM,terms/STD:geo,DEM,STD:geo:DEM,,kStdGeo_Dem,,STD_geo_DEM,kStdGeo_Dem,,standard,geography,elevation,interpolated,,,:kind:data:quantitative,:type:value:int,:type:format:scalar,,,,,,,,,,,,,,,,,,,,,,,,,,,,,,,:type:unit:length:m,,,:state:application:standard,Elevation (DEM),Altitude interpolated from digital elevation model.,,,,
descriptors/STD_nom_tzone,STD:nom,STD_nom_tzone,terms/STD:nom,tzone,STD:nom:tzone,,kStdNom_Tzone,,STD_nom_tzone,kStdNom_Tzone,,standard,time zone,,,,,:kind:data:categorical,:type:value:str,:type:format:scalar,,,,,,,,,,,,,,,,,,,,,,,,,,,,,,,,,,:state:application:standard,Time zone,IANA time-zone.,,,,
descriptors/STD_nom_tel_code,STD:nom,STD_nom_tel_code,terms/STD:nom,tel_code,STD:nom:tel_code,,kStdNom_Tel_Code,,STD_nom_tel_code,kStdNom_Tel_Code,,standard,telephone,,,,,:kind:data:categorical,:type:value:str,:type:format:scalar,,,,,,,,,,,,,,,,,,,,,,,,,,,,,,,,,,:state:application:standard,Area code,Telephone area code.,,,,
descriptors/STD_nom_post_code,STD:nom,STD_nom_post_code,terms/STD:nom,post_code,STD:nom:post_code,,kStdNom_Post_Code,,STD_nom_post_code,kStdNom_Post_Code,,standard,postal,code,,,,:kind:data:categorical,:type:value:str,:type:format:set,,,,,,,,,,,,,,,,,,,,,,,,,,,,,,,,,,:state:application:standard,Postal codes,List of postal codes.,,,,
descriptors/STD_nom_post_format,STD:nom,STD_nom_post_format,terms/STD:nom,post_format,STD:nom:post_format,,kStdNom_Post_Format,,STD_nom_post_format,kStdNom_Post_Format,,standard,postal,format,,,,:kind:data:discrete,:type:value:str,:type:format:scalar,,,,,,,,,,,,,,,,,,,,,,,,,,,,,,,,,,:state:application:standard,Postal code format,Format of the postal code.,,,,
descriptors/STD_nom_post_regex,STD:nom,STD_nom_post_regex,terms/STD:nom,post_regex,STD:nom:post_regex,,kStdNom_Post_Regex,,STD_nom_post_regex,kStdNom_Post_Regex,,standard,postal,regex,,,,:kind:data:discrete,:type:value:str,:type:format:scalar,,,,,,,,,,,,,,,,,,,,,,,,,,,,,,,,,,:state:application:standard,Postal code regex,Regular expression for postal code.,,,,
descriptors/STD_nam_type,STD:nam,STD_nam_type,terms/STD:nam,type,STD:nam:type,,kStdNam_Type,,STD_nam_type,kStdNam_Type,,standard,name,type,,,,:kind:data:categorical,:type:value:term,:type:format:set,,,,,,,,,,GN:ntype,GEOnet:NT,,,,,,,,,,,,,,,,,,,,,,,:state:application:standard,Name type,Name attributes and classification.,,,,
descriptors/STD_date_start,STD,STD_date_start,terms/STD,date-start,STD:date-start,,kStd_DateStart,,STD_date_start,kStd_DateStart,,standard,date,start,,,,:kind:data:discrete,:type:value:date,:type:format:scalar,,,,,,,,,,,,,,,,,,,,,,,,,,,,,,,,,,:state:application:standard,Start date,Starting date.,,,,
descriptors/STD_date_end,STD,STD_date_end,terms/STD,date-end,STD:date-end,,kStd_DateEnd,,STD_date_end,kStd_DateEnd,,standard,date,end,,,,:kind:data:discrete,:type:value:date,:type:format:scalar,,,,,,,,,,,,,,,,,,,,,,,,,,,,,,,,,,:state:application:standard,End date,Ending date.,,,,
descriptors/STD_agency,STD,STD_agency,terms/STD,agency,STD:agency,,kStd_Agency,,STD_agency,kStd_Agency,,standard,agency,name,,,,:kind:data:discrete,:type:value:str,:type:format:scalar,,,,,,,,,,,,,,,,,,,,,,,,,,,,,,,,,,:state:application:standard,Agency,Code or name of agency.,,,,
descriptors/STD_stat_PCFLAGS,STD:stat,STD_stat_PCFLAGS,terms/STD:stat,PCFLAGS,STD:stat:PCFLAGS,,kStdStat_Pcflags,,STD_stat_PCFLAGS,kStdStat_Pcflags,PCFLAGS,standard,statistics,outliers,,,,:kind:data:quantitative,:type:data:numeric,:type:format:scalar,,,,,,,,,,,,,,,,,,,,,,,,,,,,,,,,,,:state:application:standard,Subjects out of range,Percentage of records with subjects out of range.,,,,
descriptors/STD_stat_PCSEXRAT,STD:stat,STD_stat_PCSEXRAT,terms/STD:stat,PCSEXRAT,STD:stat:PCSEXRAT,,kStdStat_Pcsexrat,,STD_stat_PCSEXRAT,kStdStat_Pcsexrat,PCSEXRAT,standard,statistics,sex,ratio,,,:kind:data:quantitative,:type:data:numeric,:type:format:scalar,,,,,,,,,,,,,,,,,,,,,,,,,,,,,,,,,,:state:application:standard,Sex ratio Chi,P value of Chi squared for sex ratio.,,,,
descriptors/STD_stat_PCAGERAT,STD:stat,STD_stat_PCAGERAT,terms/STD:stat,PCAGERAT,STD:stat:PCAGERAT,,kStdStat_Pcagerat,,STD_stat_PCAGERAT,kStdStat_Pcagerat,PCAGERAT,standard,statistics,age,ratio,,,:kind:data:quantitative,:type:data:numeric,:type:format:scalar,,,,,,,,,,,,,,,,,,,,,,,,,,,,,,,,,,:state:application:standard,Age ratio Chi,P value of Chi squared for age ratio.,,,,
descriptors/STD_stat_PCDPWT,STD:stat,STD_stat_PCDPWT,terms/STD:stat,PCDPWT,STD:stat:PCDPWT,,kStdStat_Pcdpwt,,STD_stat_PCDPWT,kStdStat_Pcdpwt,PCDPWT,standard,statistics,weight,digit preference,ratio,,:kind:data:quantitative,:type:data:numeric,:type:format:scalar,,,,,,,,,,,,,,,,,,,,,,,,,,,,,,,,,,:state:application:standard,Weight digit preference,Digit preference score for weight.,,,,
descriptors/STD_stat_PCDPHT,STD:stat,STD_stat_PCDPHT,terms/STD:stat,PCDPHT,STD:stat:PCDPHT,,kStdStat_Pcdpht,,STD_stat_PCDPHT,kStdStat_Pcdpht,PCDPHT,standard,statistics,height,digit preference,ratio,,:kind:data:quantitative,:type:data:numeric,:type:format:scalar,,,,,,,,,,,,,,,,,,,,,,,,,,,,,,,,,,:state:application:standard,Height digit preference,Digit preference score for height.,,,,
descriptors/STD_stat_PCDMUAC,STD:stat,STD_stat_PCDMUAC,terms/STD:stat,PCDMUAC,STD:stat:PCDMUAC,,kStdStat_Pcdmuac,,STD_stat_PCDMUAC,kStdStat_Pcdmuac,PCDMUAC,standard,statistics,MUAC,digit preference,ratio,,:kind:data:quantitative,:type:data:numeric,:type:format:scalar,,,,,,,,,,,,,,,,,,,,,,,,,,,,,,,,,,:state:application:standard,MUAC digit preference,Digit preference score for mid-upper arm circumference.,,,,
descriptors/STD_stat_PCSTDEV,STD:stat,STD_stat_PCSTDEV,terms/STD:stat,PCSTDEV,STD:stat:PCSTDEV,,kStdStat_Pcstdev,,STD_stat_PCSTDEV,kStdStat_Pcstdev,PCSTDEV,standard,statistics,WHZ,standard deviation,,,:kind:data:quantitative,:type:data:numeric,:type:format:scalar,,,,,,,,,,,,,,,,,,,,,,,,,,,,,,,,,,:state:application:standard,WHZ standard deviation,Standard deviation of weight for height Z-score.,,,,
descriptors/STD_stat_PCSKEW,STD:stat,STD_stat_PCSKEW,terms/STD:stat,PCSKEW,STD:stat:PCSKEW,,kStdStat_Pcskew,,STD_stat_PCSKEW,kStdStat_Pcskew,PCSKEW,standard,statistics,WHZ,skewness,,,:kind:data:quantitative,:type:data:numeric,:type:format:scalar,,,,,,,,,,,,,,,,,,,,,,,,,,,,,,,,,,:state:application:standard,WHZ skewness,Value of skewness for weight for height Z-score.,,,,
descriptors/STD_stat_PCKURT,STD:stat,STD_stat_PCKURT,terms/STD:stat,PCKURT,STD:stat:PCKURT,,kStdStat_Pckurt,,STD_stat_PCKURT,kStdStat_Pckurt,PCKURT,standard,statistics,WHZ,kurtosis,,,:kind:data:quantitative,:type:data:numeric,:type:format:scalar,,,,,,,,,,,,,,,,,,,,,,,,,,,,,,,,,,:state:application:standard,WHZ kurtosis,Value of kurtosis for weight for height Z-score.,,,,
descriptors/STD_stat_PCPOISS,STD:stat,STD_stat_PCPOISS,terms/STD:stat,PCPOISS,STD:stat:PCPOISS,,kStdStat_Pcpoiss,,STD_stat_PCPOISS,kStdStat_Pcpoiss,PCPOISS,standard,statistics,WHZ-2,poisson,,,:kind:data:quantitative,:type:data:numeric,:type:format:scalar,,,,,,,,,,,,,,,,,,,,,,,,,,,,,,,,,,:state:application:standard,P index of dispersion WHZ-2,P value that index of dispersion is not a Poisson distribution weight for height Z-score-2.,,,,
descriptors/STD_stat_PCSCORE,STD:stat,STD_stat_PCSCORE,terms/STD:stat,PCSCORE,STD:stat:PCSCORE,,kStdStat_Pcscore,,STD_stat_PCSCORE,kStdStat_Pcscore,PCSCORE,standard,statistics,quality,overall,,,:kind:data:quantitative,:type:data:numeric,:type:format:scalar,,,,,,,,,,,,,,,,,,,,,,,,,,,,,,,,,,:state:application:standard,Overall data quality score,Overall data quality score.,,,,
descriptors/STD_stat_SAMPMETH,STD:stat,STD_stat_SAMPMETH,terms/STD:stat,SAMPMETH,STD:stat:SAMPMETH,,kStdStat_Sampmeth,,STD_stat_SAMPMETH,kStdStat_Sampmeth,,standard,sampling,method,,,,:kind:data:categorical,:type:value:str,:type:format:scalar,,,,,,,,,,,,,,,,,,,,,,,,,,,,,,,,,,:state:application:standard,Sampling method,"Method of sampling, a code e.g. cluster, random.",,,,
descriptors/STD_stat_SAMPSIZE,STD:stat,STD_stat_SAMPSIZE,terms/STD:stat,SAMPSIZE,STD:stat:SAMPSIZE,,kStdStat_Sampsize,,STD_stat_SAMPSIZE,kStdStat_Sampsize,,standard,sampling,size,,,,:kind:data:quantitative,:type:data:numeric,:type:format:scalar,,,,,,,,,,,,,,,,,,,,,,,,,,,,,,,,,,:state:application:standard,Sample size,Number of subjects in the study.,,,,
descriptors/ISO_639_1_Part1,ISO:639:1,ISO_639_1_Part1,terms/ISO:639:1,Part1,ISO:639:1:Part1,,kIso6391_Part1,,ISO_639_1_Part1,kIso6391_Part1,Part2,standard,ISO,language,code,,,:kind:data:categorical,:type:value:str,:type:format:scalar,,,,,,,,,,,,,,,,,,,,,,,,,,/^[a-z]{2}$/,,,,,,,,:state:application:standard,Part 1 code,Two character ISO 639-1 language code.,,,,https://en.wikipedia.org/wiki/ISO_639-1
descriptors/ISO_639_2_Part2B,ISO:639:2,ISO_639_2_Part2B,terms/ISO:639:2,Part2B,ISO:639:2:Part2B,,kIso6392_Part2B,,ISO_639_2_Part2B,kIso6392_Part2B,Part2B,standard,ISO,language,code,,,:kind:data:categorical,:type:value:str,:type:format:scalar,,,,,,,,,,,,,,,,,,,,,,,,,,/^[a-z]{3}$/,,,,,,,,:state:application:standard,Bibliographic code,Three character ISO 639-2/B bibliographic language code.,,,,https://en.wikipedia.org/wiki/ISO_639-2
descriptors/ISO_639_2_Part2T,ISO:639:2,ISO_639_2_Part2T,terms/ISO:639:2,Part2T,ISO:639:2:Part2T,,kIso6392_Part2T,,ISO_639_2_Part2T,kIso6392_Part2T,Part2T,standard,ISO,language,code,,,:kind:data:categorical,:type:value:str,:type:format:scalar,,,,,,,,,,,,,,,,,,,,,,,,,,/^[a-z]{3}$/,,,,,,,,:state:application:standard,Terminological code,Three character ISO 639-2/T terminological language code.,,,,https://en.wikipedia.org/wiki/ISO_639-2
descriptors/ISO_639_scope,ISO:639,ISO_639_scope,terms/ISO:639,scope,ISO:639:scope,,kIso639_Scope,,ISO_639_scope,kIso639_Scope,scope,standard,ISO,language,code,,,:kind:data:categorical,:type:value:term,:type:format:scalar,,,,,,,,,,ISO:639:scope,,,,,,,,,,,,,,,,,,,,,,,,:state:application:standard,Language scope,Scope of the language.,,,,
descriptors/ISO_639_type,ISO:639,ISO_639_type,terms/ISO:639,type,ISO:639:type,,kIso639_Type,,ISO_639_type,kIso639_Type,type,standard,ISO,language,code,,,:kind:data:categorical,:type:value:term,:type:format:scalar,,,,,,,,,,ISO:639:type,,,,,,,,,,,,,,,,,,,,,,,,:state:application:standard,Language type,Type of the language.,,,,
descriptors/ISO_3166_1_alpha_2,ISO:3166:1,ISO_3166_1_alpha_2,terms/ISO:3166:1,alpha-2,ISO:3166:1:alpha-2,,kIso31661_Alpha2,,ISO_3166_1_alpha_2,kIso31661_Alpha2,alpha-1,standard,ISO,country,code,alphabetic,,:kind:data:categorical,:type:value:str,:type:format:scalar,,,,,,,,,,,,,,,,,,,,,,,,,,/^[A-Z]{2}$/,,,,,,,,:state:application:standard,Two-letter country code,ISO 3166-1 two letter country code.,,,,https://en.wikipedia.org/wiki/ISO_3166-1
descriptors/ISO_3166_1_alpha_3,ISO:3166:1,ISO_3166_1_alpha_3,terms/ISO:3166:1,alpha-3,ISO:3166:1:alpha-3,,kIso31661_Alpha3,,ISO_3166_1_alpha_3,kIso31661_Alpha3,alpha-2,standard,ISO,country,code,alphabetic,,:kind:data:categorical,:type:value:str,:type:format:scalar,,,,,,,,,,,,,,,,,,,,,,,,,,/^[A-Z]{3}$/,,,,,,,,:state:application:standard,Three-letter country code,ISO 3166-1 three letter country code.,,,,https://en.wikipedia.org/wiki/ISO_3166-1
descriptors/ISO_3166_1_numeric,ISO:3166:1,ISO_3166_1_numeric,terms/ISO:3166:1,numeric,ISO:3166:1:numeric,,kIso31661_Numeric,,ISO_3166_1_numeric,kIso31661_Numeric,numeric,standard,ISO,country,code,numeric,,:kind:data:categorical,:type:value:str,:type:format:scalar,,,,,,,,,,,,,,,,,,,,,,,,,,/^[0-9]{3}$/,,,,,,,,:state:application:standard,Numeric country code,ISO 3166-1 numeric country code.,,,,https://en.wikipedia.org/wiki/ISO_3166-1
descriptors/ISO_3166_3_alpha_2,ISO:3166:3,ISO_3166_3_alpha_2,terms/ISO:3166:3,alpha-2,ISO:3166:3:alpha-2,,kIso31663_Alpha2,,ISO_3166_3_alpha_2,kIso31663_Alpha2,alpha-1,standard,ISO,country,code,alphabetic,,:kind:data:categorical,:type:value:str,:type:format:scalar,,,,,,,,,,,,,,,,,,,,,,,,,,/^[A-Z]{2}$/,,,,,,,,:state:application:standard,Two-letter country code,ISO 3166-3 two letter country code.,,,,
descriptors/ISO_3166_3_alpha_3,ISO:3166:3,ISO_3166_3_alpha_3,terms/ISO:3166:3,alpha-3,ISO:3166:3:alpha-3,,kIso31663_Alpha3,,ISO_3166_3_alpha_3,kIso31663_Alpha3,alpha-2,standard,ISO,country,code,alphabetic,,:kind:data:categorical,:type:value:str,:type:format:scalar,,,,,,,,,,,,,,,,,,,,,,,,,,/^[A-Z]{3}$/,,,,,,,,:state:application:standard,Three-letter country code,ISO 3166-3 three letter country code.,,,,
descriptors/ISO_3166_3_alpha_4,ISO:3166:3,ISO_3166_3_alpha_4,terms/ISO:3166:3,alpha-4,ISO:3166:3:alpha-4,,kIso31663_Alpha4,,ISO_3166_3_alpha_4,kIso31663_Alpha4,alpha-3,standard,ISO,country,code,alphabetic,,:kind:data:categorical,:type:value:str,:type:format:scalar,,,,,,,,,,,,,,,,,,,,,,,,,,/^[A-Z]{4}$/,,,,,,,,:state:application:standard,Four-letter country code,ISO 3166-3 four letter country code.,,,,
descriptors/ISO_3166_3_numeric,ISO:3166:3,ISO_3166_3_numeric,terms/ISO:3166:3,numeric,ISO:3166:3:numeric,,kIso31663_Numeric,,ISO_3166_3_numeric,kIso31663_Numeric,numeric,standard,ISO,country,code,numeric,,:kind:data:categorical,:type:value:str,:type:format:scalar,,,,,,,,,,,,,,,,,,,,,,,,,,/^[0-9]{3}$/,,,,,,,,:state:application:standard,Numeric country code,ISO 3166-3 numeric country code.,,,,
descriptors/ISO_4217_alpha_3,ISO:4217,ISO_4217_alpha_3,terms/ISO:4217,alpha-3,ISO:4217:alpha-3,,kIso4217_Alpha3,,ISO_4217_alpha_3,kIso4217_Alpha3,alpha-2,standard,ISO,currency,code,alphabetic,,:kind:data:categorical,:type:value:str,:type:format:scalar,,,,,,,,,,,,,,,,,,,,,,,,,,/^[A-Z]{3}$/,,,,,,,,:state:application:standard,Three-letter currency code,ISO 4217 three letter currency code.,,,,
descriptors/ISO_4217_numeric,ISO:4217,ISO_4217_numeric,terms/ISO:4217,numeric,ISO:4217:numeric,,kIso4217_Numeric,,ISO_4217_numeric,kIso4217_Numeric,numeric,standard,ISO,currency,code,numeric,,:kind:data:categorical,:type:value:str,:type:format:scalar,,,,,,,,,,,,,,,,,,,,,,,,,,/^[0-9]{3}$/,,,,,,,,:state:application:standard,Numeric currency code,ISO 4217 numeric currency code.,,,,
descriptors/ISO_4217_fraction,ISO:4217,ISO_4217_fraction,terms/ISO:4217,fraction,ISO:4217:fraction,,kIso4217_Fraction,,ISO_4217_fraction,kIso4217_Fraction,fraction,standard,ISO,currency,fraction,,,:kind:data:categorical,:type:value:str,:type:format:scalar,,,,,,,,,,,,,,,,,,,,,,,,,,,,,,,,,,:state:application:standard,Fractional unit,Currency fractional unit.,,,,
descriptors/WB_source,WB,WB_source,terms/WB,source,WB:source,,kWb_Source,,WB_source,kWb_Source,source,standard,world bank,source,,,,:kind:data:categorical,:type:value:term,:type:format:scalar,,,,,,,,,,WB:source,,,,,,,,,,,,,,,,,,,,,,,,:state:application:standard,Source,World Bank source.,,,,
descriptors/WB_topic,WB,WB_topic,terms/WB,topic,WB:topic,,kWb_Topic,,WB_topic,kWb_Topic,topics,standard,world bank,topic,,,,:kind:data:categorical,:type:value:term,:type:format:set,,,,,,,,,,WB:topic,,,,,,,,,,,,,,,,,,,,,,,,:state:application:standard,Topics,World Bank topics.,,,,
descriptors/WB_org,WB,WB_org,terms/WB,org,WB:org,,kWb_Org,,WB_org,kWb_Org,sourceOrganization,standard,world bank,org,,,,:kind:data:qualitative,:type:data:object,:type:format:scalar,:type:value:term,:enum:language,ISO:639:3,ISO:639:2,ISO:639:5,ISO:639:local,GN:language,GEOnet:language,:type:data:text,,,,,,,,,,,,,,,,,,,,,,,,,:state:application:standard,Organisation,World Bank source organisation.,,,,
descriptors/WB_income,WB,WB_income,terms/WB,income,WB:income,,kWb_Income,,WB_income,kWb_Income,income,standard,world bank,income,,,,:kind:data:categorical,:type:value:term,:type:format:scalar,,,,,,,,,,WB:income,,,,,,,,,,,,,,,,,,,,,,,,:state:application:standard,Income,World Bank income level.,,,,
descriptors/WB_lending,WB,WB_lending,terms/WB,lending,WB:lending,,kWb_Lending,,WB_lending,kWb_Lending,lending,standard,world bank,lending,,,,:kind:data:categorical,:type:value:term,:type:format:scalar,,,,,,,,,,WB:lending,,,,,,,,,,,,,,,,,,,,,,,,:state:application:standard,Lending,World Bank lending type.,,,,
descriptors/WB_indicator,WB,WB_indicator,terms/WB,indicator,WB:indicator,,kWb_Indicator,,WB_indicator,kWb_Indicator,indicator,standard,world bank,indicator,,,,:kind:data:categorical,:type:value:term,:type:format:scalar,,,,,,,,,,WB:indicator,,,,,,,,,,,,,,,,,,,,,,,,:state:application:standard,Indicator,World Bank indicators.,,,,
descriptors/WB_capital_city,WB,WB_capital_city,terms/WB,capital-city,WB:capital-city,,kWb_CapitalCity,,WB_capital_city,kWb_CapitalCity,capitalCity,standard,world bank,capital-city,,,,:kind:data:discrete,:type:data:struct,:type:format:scalar,,,,,,,,,,,,,,,,,,,,,,,,,,,,,,,,,,:state:application:standard,Capital city,Capital city name and location.,,,,
descriptors/GN_id,GN,GN_id,terms/GN,id,GN:id,,kGn_Id,,GN_id,kGn_Id,geonameid,standard,geonames,identifier,,,,:kind:data:discrete,:type:value:str,:type:format:scalar,,,,,,,,,,,,,,,,,,,,,,,,,,,,,,,,,,:state:application:standard,Identifier,Geonames unique identifier.,,,,
descriptors/GN_uadm1,GN,GN_uadm1,terms/GN,uadm1,GN:uadm1,,kGn_Uadm1,,GN_uadm1,kGn_Uadm1,admin1 code,standard,geonames,administrative code,level 1,,,:kind:data:categorical,:type:value:str,:type:format:scalar,,,,,,,,,,,,,,,,,,,,,,,,,,,,,,,,,,:state:application:standard,First level administrative code,Geonames first level administrative code.,,,,
descriptors/GN_uadm2,GN,GN_uadm2,terms/GN,uadm2,GN:uadm2,,kGn_Uadm2,,GN_uadm2,kGn_Uadm2,admin2 code,standard,geonames,administrative code,level 2,,,:kind:data:categorical,:type:value:str,:type:format:scalar,,,,,,,,,,,,,,,,,,,,,,,,,,,,,,,,,,:state:application:standard,Second level administrative code,Geonames second level administrative code.,,,,
descriptors/GN_uadm3,GN,GN_uadm3,terms/GN,uadm3,GN:uadm3,,kGn_Uadm3,,GN_uadm3,kGn_Uadm3,admin3 code,standard,geonames,administrative code,level 3,,,:kind:data:categorical,:type:value:str,:type:format:scalar,,,,,,,,,,,,,,,,,,,,,,,,,,,,,,,,,,:state:application:standard,Third level administrative code,Geonames third level administrative code.,,,,
descriptors/GN_uadm4,GN,GN_uadm4,terms/GN,uadm4,GN:uadm4,,kGn_Uadm4,,GN_uadm4,kGn_Uadm4,admin4 code,standard,geonames,administrative code,level 4,,,:kind:data:categorical,:type:value:str,:type:format:scalar,,,,,,,,,,,,,,,,,,,,,,,,,,,,,,,,,,:state:application:standard,Fourth level administrative code,Geonames fourth level administrative code.,,,,
descriptors/GN_uadm5,GN,GN_uadm5,terms/GN,uadm5,GN:uadm5,,kGn_Uadm5,,GN_uadm5,kGn_Uadm5,admin5 code,standard,geonames,administrative code,level 5,,,:kind:data:categorical,:type:value:str,:type:format:scalar,,,,,,,,,,,,,,,,,,,,,,,,,,,,,,,,,,:state:application:standard,Fifth level administrative code,Geonames fifth level administrative code.,,,,
descriptors/GEOnet_id,GEOnet,GEOnet_id,terms/GEOnet,id,GEOnet:id,,kGeonet_Id,,GEOnet_id,kGeonet_Id,GEOnetId,standard,geonet,identifier,record,,,:kind:data:discrete,:type:value:str,:type:format:scalar,,,,,,,,,,,,,,,,,,,,,,,,,,,,,,,,,,:state:application:standard,Unique record identifier,GEOnet record unique identifier.,This value is computed by converting the <em>Unique Feature Identifier</em> into a <em>string</em>.,,,
descriptors/GEOnet_UFI,GEOnet,GEOnet_UFI,terms/GEOnet,UFI,GEOnet:UFI,,kGeonet_Ufi,,GEOnet_UFI,kGeonet_Ufi,UFI,standard,geonet,identifier,feature,,,:kind:data:discrete,:type:value:int,:type:format:scalar,,,,,,,,,,,,,,,,,,,,,,,,,,,,,,,,,,:state:application:standard,Unique Feature Identifier,GEOnet unique feature identifier.,,,,
descriptors/GEOnet_UNI,GEOnet,GEOnet_UNI,terms/GEOnet,UNI,GEOnet:UNI,,kGeonet_Uni,,GEOnet_UNI,kGeonet_Uni,UNI,standard,geonet,identifier,name,,,:kind:data:discrete,:type:value:int,:type:format:scalar,,,,,,,,,,,,,,,,,,,,,,,,,,,,,,,,,,:state:application:standard,Unique Name Identifier,GEOnet unique name identifier.,,,,
descriptors/GEOnet_RC,GEOnet,GEOnet_RC,terms/GEOnet,RC,GEOnet:RC,,kGeonet_Rc,,GEOnet_RC,kGeonet_Rc,RC,standard,geonet,region,font,,,:kind:data:categorical,:type:value:term,:type:format:scalar,,,,,,,,,,GEOnet:RC,,,,,,,,,,,,,,,,,,,,,,,,:state:application:standard,Region Font Code,GEOnet region font code.,,,,
descriptors/GEOnet_FC,GEOnet,GEOnet_FC,terms/GEOnet,FC,GEOnet:FC,,kGeonet_Fc,,GEOnet_FC,kGeonet_Fc,FC,standard,geonet,feature,designation,class,,:kind:data:categorical,:type:value:term,:type:format:scalar,,,,,,,,,,GEOnet:FC,,,,,,,,,,,,,,,,,,,,,,,,:state:application:standard,Feature designation class,GEOnet feature designation class.,,,,
descriptors/GEOnet_DSG,GEOnet,GEOnet_DSG,terms/GEOnet,DSG,GEOnet:DSG,,kGeonet_Dsg,,GEOnet_DSG,kGeonet_Dsg,DSG,standard,geonet,feature,designation,type,,:kind:data:categorical,:type:value:term,:type:format:scalar,,,,,,,,,,GEOnet:DSG,,,,,,,,,,,,,,,,,,,,,,,,:state:application:standard,Feature Designation type,GEOnet feature designation type.,,,,
descriptors/GEOnet_PC,GEOnet,GEOnet_PC,terms/GEOnet,PC,GEOnet:PC,,kGeonet_Pc,,GEOnet_PC,kGeonet_Pc,PC,standard,geonet,populated place,class,,,:kind:data:ordinal,:type:value:int,:type:format:scalar,,,,,,,,,,,,,,,,,,,,,,,,,,,,,,,,,,:state:application:standard,Populated Place Class,A numerical scale identifying the relative importance of a populated place. The scale ranges from 1 (high) to 5 (low). The scale can also include NULL (no value) as a value for populated places with unknown or undetermined relative importance.,,,,
descriptors/GEOnet_DISPLAY,GEOnet,GEOnet_DISPLAY,terms/GEOnet,DISPLAY,GEOnet:DISPLAY,,kGeonet_Display,,GEOnet_DISPLAY,kGeonet_Display,DISPLAY,standard,geonet,scale,,,,:kind:data:ordinal,:type:value:term,:type:format:scalar,,,,,,,,,,GEOnet:DISPLAY,,,,,,,,,,,,,,,,,,,,,,,,:state:application:standard,Scale range value,Scale range values to aid in the visualization and selection of features.,"<p>The display values correspond to the following scale ranges: </p>
<ul>
<li><strong>1</strong> – 1 - 25,999 </li>
<li><strong>2</strong> – 26,000 - 67,999 </li>
<li><strong>3</strong> – 68,000 - 150,999 </li>
<li><strong>4</strong> – 151,000 - 225,999 </li>
<li><strong>5</strong> – 226,000 - 325,999 </li>
<li><strong>6</strong> – 326,000 - 425,999 </li>
<li><strong>7</strong> – 426,000 - 625,999 </li>
<li><strong>8</strong> – 626,000 - 999,999 </li>
<li><strong>9</strong> – 1,000,000 or Smaller</li></ul>",,"<p>A feature with display value of 1 should appear in a visualization client or service between scales of 1 and 25,999. It should not appear at scales of 26,000 and smaller. </p>
<p>A feature with display values of 1,2,3 should appear in a visualization client or service between scales of 1 through 150,999. It should not appear at scales of 160,000 and smaller. </p>
<p>A feature with display values of 1,2,3,4,5,6,7,8,9 should appear in a visualization client or service at all scales.</p>
",
descriptors/GEOnet_TRANSL_CD,GEOnet,GEOnet_TRANSL_CD,terms/GEOnet,TRANSL_CD,GEOnet:TRANSL_CD,,kGeonet_Transl_Cd,,GEOnet_TRANSL_CD,kGeonet_Transl_Cd,TRANSL_CD,standard,geonet,transliteration,,,,:kind:data:categorical,:type:value:term,:type:format:scalar,,,,,,,,,,GEOnet:TRANSL_CD,,,,,,,,,,,,,,,,,,,,,,,,:state:application:standard,Transliteration domain,This value indicates which transliteration system was used to arrive at the romanized equivalent of a non-Roman Script name.,,,,
descriptors/GEOnet_CC1,GEOnet,GEOnet_CC1,terms/GEOnet,CC1,GEOnet:CC1,,kGeonet_Cc1,,GEOnet_CC1,kGeonet_Cc1,CC2,standard,geonet,geopolitical,unit,primary,,:kind:data:categorical,:type:value:term,:type:format:set,,,,,,,,,,FIPS:poli,GEOnet:political,,,,,,,,,,,,,,,,,,,,,,,:state:application:standard,Primary Geopolitical Units,"A two alphabetic character code from the Geopolitical Entities and Codes (formerly FIPS 10-4 standard) that uniquely identifies a feature's primary geopolitical entity (countries, dependencies, and areas of special sovereignty).","This field can contain one, or multiple country codes to identify international (shared) features that run through multiple countries for up to 255 characters (example: Danube River - AU,BU,EZ…).",,,
descriptors/GEOnet_CC2,GEOnet,GEOnet_CC2,terms/GEOnet,CC2,GEOnet:CC2,,kGeonet_Cc2,,GEOnet_CC2,kGeonet_Cc2,CC3,standard,geonet,geopolitical,unit,secondary,,:kind:data:categorical,:type:value:term,:type:format:set,,,,,,,,,,FIPS:poli,GEOnet:political,,,,,,,,,,,,,,,,,,,,,,,:state:application:standard,Secondary Geopolitical Units,"A two alphabetic character code from the Geopolitical Entities and Codes (formerly FIPS 10-4 standard) that uniquely identifies the particular feature name that is applicable in a particular geopolitical entity, or entities, for international features. ","This field can contain one, or multiple country codes to identify international (shared) features that run through multiple countries for up to 255 characters (example: Danube River - AU,BU,EZ…).",,,
descriptors/DNS_tld,DNS,DNS_tld,terms/DNS,tld,DNS:tld,,kDns_Tld,,DNS_tld,kDns_Tld,tld,standard,top,level,domain,,,:kind:data:categorical,:type:value:str,:type:format:scalar,,,,,,,,,,,,,,,,,,,,,,,,,,,,,,,,,,:state:application:standard,Top Level Domain,Highest level in the hierarchical Domain Name System of the Internet.,,,,https://en.wikipedia.org/wiki/Top-level_domain
descriptors/FAAC_code,FAAC,FAAC_code,terms/FAAC,code,FAAC:code,,kFaac_Code,,FAAC_code,kFaac_Code,faac,standard,FAAC,code,airport,,,:kind:data:categorical,:type:value:str,:type:format:set,,,,,,,,,,,,,,,,,,,,,,,,,,,,,,,,,,:state:application:standard,FAAC code,Future of Aviation Advisory Committee airport code.,,,,
descriptors/IATA_code,IATA,IATA_code,terms/IATA,code,IATA:code,,kIata_Code,,IATA_code,kIata_Code,iata,standard,IATA,code,airport,,,:kind:data:categorical,:type:value:str,:type:format:set,,,,,,,,,,,,,,,,,,,,,,,,,,,,,,,,,,:state:application:standard,IATA code,International Air Transport Association airport code.,,,,
descriptors/ICAO_code,ICAO,ICAO_code,terms/ICAO,code,ICAO:code,,kIcao_Code,,ICAO_code,kIcao_Code,icao,standard,ICAO,code,airport,,,:kind:data:categorical,:type:value:str,:type:format:set,,,,,,,,,,,,,,,,,,,,,,,,,,,,,,,,,,:state:application:standard,ICAO code,International Civil Aviation Organization airport code.,,,,
descriptors/WIKI_qid,WIKI,WIKI_qid,terms/WIKI,qid,WIKI:qid,,kWiki_Qid,,WIKI_qid,kWiki_Qid,qid,standard,wikipedia,disambiguation,,,,:kind:data:categorical,:type:value:str,:type:format:scalar,,,,,,,,,,,,,,,,,,,,,,,,,,,,,,,,,,:state:application:standard,Disambiguation page,Wikipedia disambiguation page.,,,,
descriptors/SMART_CLUSTER,SMART,SMART_CLUSTER,terms/SMART,CLUSTER,SMART:CLUSTER,,kSmart_Cluster,,SMART_CLUSTER,kSmart_Cluster,CLUSTER,standard,SMART,cluster,identification,,,:kind:data:categorical,:type:value:str,:type:format:scalar,,,,,,,,,,,,,,,,,,,,,,,,,,,,,,,,,,:state:application:standard,Cluster,Cluster identifier.,,,,
descriptors/SMART_TEAM,SMART,SMART_TEAM,terms/SMART,TEAM,SMART:TEAM,,kSmart_Team,,SMART_TEAM,kSmart_Team,TEAM,standard,SMART,team,identification,,,:kind:data:categorical,:type:value:str,:type:format:scalar,,,,,,,,,,,,,,,,,,,,,,,,,,,,,,,,,,:state:application:standard,Team,Team identifier.,,,,
descriptors/SMART_ID,SMART,SMART_ID,terms/SMART,ID,SMART:ID,,kSmart_Id,,SMART_ID,kSmart_Id,ID,standard,SMART,subject,identification,,,:kind:data:categorical,:type:value:str,:type:format:scalar,,,,,,,,,,,,,,,,,,,,,,,,,,,,,,,,,,:state:application:standard,Subject,Subject identifier.,,,,
descriptors/SMART_HH,SMART,SMART_HH,terms/SMART,HH,SMART:HH,,kSmart_Hh,,SMART_HH,kSmart_Hh,HH,standard,SMART,household,identification,,,:kind:data:categorical,:type:value:str,:type:format:scalar,,,,,,,,,,,,,,,,,,,,,,,,,,,,,,,,,,:state:application:standard,Household,Household identifier.,,,,
descriptors/SMART_BIRTHDAT,SMART,SMART_BIRTHDAT,terms/SMART,BIRTHDAT,SMART:BIRTHDAT,,kSmart_Birthdat,,SMART_BIRTHDAT,kSmart_Birthdat,BIRTHDAT,standard,SMART,birth,date,,,:kind:data:ordinal,:type:value:date,:type:format:scalar,,,,,,,,,,,,,,,,,,,,,,,,,,,,,,,,,,:state:application:standard,Birthdate,Date of birth.,,,,
descriptors/SMART_AGE,SMART,SMART_AGE,terms/SMART,AGE,SMART:AGE,,kSmart_Age,,SMART_AGE,kSmart_Age,AGE,standard,SMART,age,months,,,:kind:data:quantitative,:type:value:int,:type:format:scalar,,,,,,,,,,,,,,,,,,,,,,,,,,,,,,,:type:unit:age:m,,,:state:application:standard,Age,Age in months.,,,,
descriptors/SMART_WEIGHT,SMART,SMART_WEIGHT,terms/SMART,WEIGHT,SMART:WEIGHT,,kSmart_Weight,,SMART_WEIGHT,kSmart_Weight,WEIGHT,standard,SMART,weight,,,,:kind:data:quantitative,:type:data:numeric,:type:format:scalar,,,,,,,,,,,,,,,,,,,,,,,,,,,,,,,:type:unit:weight:kg,,,:state:application:standard,Weight,Weight in kg.,,,,
descriptors/SMART_HEIGHT,SMART,SMART_HEIGHT,terms/SMART,HEIGHT,SMART:HEIGHT,,kSmart_Height,,SMART_HEIGHT,kSmart_Height,HEIGHT,standard,SMART,height,,,,:kind:data:quantitative,:type:data:numeric,:type:format:scalar,,,,,,,,,,,,,,,,,,,,,,,,,,,,,,,:type:unit:length:cm,,,:state:application:standard,Height,Height in cm.,,,,
descriptors/SMART_OEDEMA,SMART,SMART_OEDEMA,terms/SMART,OEDEMA,SMART:OEDEMA,,kSmart_Oedema,,SMART_OEDEMA,kSmart_Oedema,OEDEMA,standard,SMART,oedema,,,,:kind:data:categorical,:type:value:term,:type:format:scalar,,,,,,,,,,SMART:OEDEMA,,,,,,,,,,,,,,,,,,,,,,,,:state:application:standard,Oedema,,,,,
descriptors/SMART_MUAC,SMART,SMART_MUAC,terms/SMART,MUAC,SMART:MUAC,,kSmart_Muac,,SMART_MUAC,kSmart_Muac,MUAC,standard,SMART,MUAC,,,,:kind:data:quantitative,:type:data:numeric,:type:format:scalar,,,,,,,,,,,,,,,,,,,,,,,,,,,,,,,:type:unit:length:cm,:type:unit:length:mm,:type:unit:length:cm,:state:application:standard,MUAC,Left mid-upper arm circumference. ,,,,
descriptors/SMART_WAZ,SMART,SMART_WAZ,terms/SMART,WAZ,SMART:WAZ,,kSmart_Waz,,SMART_WAZ,kSmart_Waz,WAZ,standard,SMART,WAZ,weight,age,,:kind:data:quantitative,:type:data:numeric,:type:format:scalar,,,,,,,,,,,,,,,,,,,,,,,,,,,,,,,,,,:state:application:standard,WAZ,Z-score of weight for age.,,,,
descriptors/SMART_HAZ,SMART,SMART_HAZ,terms/SMART,HAZ,SMART:HAZ,,kSmart_Haz,,SMART_HAZ,kSmart_Haz,HAZ,standard,SMART,HAZ,height,age,,:kind:data:quantitative,:type:data:numeric,:type:format:scalar,,,,,,,,,,,,,,,,,,,,,,,,,,,,,,,,,,:state:application:standard,HAZ,Z-score of height for age.,,,,
descriptors/SMART_WHZ,SMART,SMART_WHZ,terms/SMART,WHZ,SMART:WHZ,,kSmart_Whz,,SMART_WHZ,kSmart_Whz,WHZ,standard,SMART,WHZ,weight,height,,:kind:data:quantitative,:type:data:numeric,:type:format:scalar,,,,,,,,,,,,,,,,,,,,,,,,,,,,,,,,,,:state:application:standard,WHZ,Z-score of weight for height.,,,,
descriptors/SMART_MEASURE,SMART,SMART_MEASURE,terms/SMART,MEASURE,SMART:MEASURE,,kSmart_Measure,,SMART_MEASURE,kSmart_Measure,MEASURE,standard,SMART,measurement,,,,:kind:data:categorical,:type:value:term,:type:format:scalar,,,,,,,,,,SMART:MEASURE,,,,,,,,,,,,,,,,,,,,,,,,:state:application:standard,Height measure,Length or height measurement.,,,,
descriptors/SMART_CLOTHES,SMART,SMART_CLOTHES,terms/SMART,CLOTHES,SMART:CLOTHES,,kSmart_Clothes,,SMART_CLOTHES,kSmart_Clothes,CLOTHES,standard,SMART,clothes,,,,:kind:data:categorical,:type:value:str,:type:format:scalar,,,,,,,,,,STD:assert,,,,,,,,,,,,,,,,,,,,,,,,:state:application:standard,Clothes,Whether weighted with clothes.,,,,
descriptors/SMART_STRATA,SMART,SMART_STRATA,terms/SMART,STRATA,SMART:STRATA,,kSmart_Strata,,SMART_STRATA,kSmart_Strata,STRATA,standard,SMART,strata,,,,:kind:data:discrete,:type:value:int,:type:format:scalar,,,,,,,,,,,,,,,,,,,,,,,,,,,,,,,,,,:state:application:standard,Strata,,,,,
descriptors/SMART_WTFACTOR,SMART,SMART_WTFACTOR,terms/SMART,WTFACTOR,SMART:WTFACTOR,,kSmart_Wtfactor,,SMART_WTFACTOR,kSmart_Wtfactor,WTFACTOR,standard,SMART,,,,,:kind:data:quantitative,:type:data:numeric,:type:format:scalar,,,,,,,,,,,,,,,,,,,,,,,,,,,,,,,,,,:state:application:standard,WT factor,,,,,