"_id"	alpha_4	name.ar	numeric	name.bg	name.br	name.ca	name.cs	name.da	name.de	name.el	name.en	name.eo	name.es	name.et	name.fa	name.fi	name.fr	name.gl	name.he	name.hu	name.ia	name.id	name.is	name.it	name.ja	name.ko	name.lt	name.lv	name.ml	name.nb	name.nl	name.nn	name.oc	name.pl	name.pt	name.pt_BR	name.ro	name.ru	name.sk	name.sl	name.sr	name.sr@latin	name.sv	name.th	name.tr	name.uk	name.vi	name.zh_CN	name.zh_HK	name.zh_TW
Adlm	Adlm		166					adlam	Adlam		Adlam						adlam																	adlam				Адламская					Adlam			адлам				
Afak	Afak		439				Afaka	afaka	Afaka		Afaka	Afaka				Afaka	afaka			Afaka	afaka	Afaka	Afaka	Afaka				Afaka			Afaka			afaka				Афакская			афакаски	afakaski	Afaka			афака				阿法卡文字
Aghb	Aghb		239					kaukasisk albansk	Kaukasisches Albanisch		Caucasian Albanian	Kaŭkaza albana					aghbanien			Kaukázusi Albania	albanese caucasian	Kaukasia Albania	Kákasísk albanska	Albanese caucasico				Kaukāza albāņu			Kaukasisch Albanees			albański kaukaski				Кавказская албанская			кавкаски албански	kavkaski albanski	Kaukasisk albanska	แอลเบเนียแถบคอเคซัส		кавказька албанська				高加索阿爾巴尼亞文
Ahom	Ahom		338					ahom, tai ahom	Ahom, Tai Ahom		Ahom, Tai Ahom						ahom, tai ahom																	ahom				Ахомская, Тайская ахомская					Ahom, Tai Ahom			агом, тай агом				
Arab	Arab	العربية	160	Арабска	Arabeg	àrab	Arabské	arabisk	Arabisch	Αραβικό	Arabic	Araba	árabe	araabia	عربی	arabialainen	arabe	Árabe	ערבית	Arab	arabe	Arab	Arabískt	Arabo	アラビア文字	아랍 문자	Arabų	Arābu	അറബി	arabisk	Arabisch	arabisk	Arab	arabski	árabe	árabe	Arabă	Арабская	arabské	arabska pisava	арапски	arapski	Arabiska	อาหรับ	Arapça	арабська	A Rập	阿拉伯语	阿拉伯文	阿拉伯文
Aran	Aran	السريانية [Syre]	161	Традиционен китайски	Sirieg (Reter)	siríac (variant oriental)	Syrské (východní varianta)	arabisk (nastaliq variant)	Arabisch (Nastaliq-Variante)	Κινεζικό Παραδοσιακό	Arabic (Nastaliq variant)	Siria (orienta vario)	siríaco (variante oriental)	assüüria estrangelo	هان سنتی	syyrialainen (itäinen muunnelma)	arabe (variante Nastaliq)	Siríaco (variante oriental)	האן מסורתי	Szír (Keleti változat)	syriaco (variante oriental)	Syriac (varian Timur)	Sýrlenska (austur-tilbrigði)	Siriano (variante orientale)	シリア文字 (エストランゲロ文字)	에스트랑겔로식 시리아 문자	Sirų (rytietiškas variantas)	Austrumsīriešu		estrangelosyriakisk	Syrisch (Oosterse variant)	syriakisk (estrangelo-variant)		arabski (nasta'liq)	siríaco estrangelo	siríaco estrangelo	Siriană (varianta estică)	Арабская (вариант насталик)		sirijska pisava (vzhodna)	сиријски (источна варијанта)	sirijski (istočna varijanta)	Arabiska (Nastaliq-variant)	ซีริแอก (แบบตะวันออก)	Geleneksel Han	арабська (варіант насталік)	Xi-ri (biến thể Đông)	繁体中文	繁體中文	敘利亞文 (東方變體)
Armi	Armi		124		Amareeg impalaer	arameu imperial	Říšské aramejské	historisk aramæisk	Altertümliches Aramäisch		Imperial Aramaic	Imperia aramea	arameo imperial			imperiaalinen aramea	araméen impérial	Arameo imperial		Birodalmi arámi	arameico imperial	Kerajaan Aramik	Samveldis aramískt	Aramaico d'Impero			Imperinė aramėjų	Imperiālā aramiešu			Rijks-Aramees			aramejski			Aramaică imperială	Имперская арамейская		aramejska pisava	царски арамејски	carski aramejski	Officiell arameiska	อาราเมอิกจักรวรรดิ		імперська арамейська	Xy-ri cũ hoàng đế	皇家亚兰字母		皇室阿拉姆文
Armn	Armn	الأرمينية	230	Арменска	Armenieg	armeni	Arménské	armensk	Armenisch	Αρμενικό	Armenian	Armena	armenio	armeenia	ارمنی	armenialainen	arménien	Armenio	ארמנית	Örmény	armenio	Armenia	Armenskt	Armeno	アルメニア文字	아르메니아 문자	Armėnų	Armēņu		armensk	Armeens	armensk	Armenian	ormiański	armênio	armênio	Armeană	Армянская	arménske	armenska pisava	јерменски	jermenski	Armeniska	อาร์เมเนีย	Ermenice	вірменська	Ác-mê-ni	亚美尼亚语	亞美尼亞文	亞美尼亞文
Avst	Avst		134		Avestaneg	avèstic	Avestické	avestisk	Avestisch		Avestan	Avesta	avéstico			avestan	avestique	Avéstico		Avesztán	avestico	Avestan	Avestan	Avestano			Avestos	Avesta			Avestaans			awestyjski			Avestană	Авестийская		avestska pisava	авестански	avestanski	Avestiska	อเวสตะ		авестанська	A-ve-x-tanh	阿维斯塔语		阿維斯塔文
Bali	Bali	البالية	360	Балийски	Balineg	balinès	Balinéské	balinesisk	Balinesisch		Balinese	Balia	balinés	bali	بالیایی	balilainen	balinais	Balinese	באלינזית	Balinéz	balinese	Bali	Balískt	Balinese	バリ文字	발리 문자	Baliečių	Baliešu		balinesisk	Balinees	balinesisk	Balinés	balijski	balinês	balinês	Balineză	Балийская		balijska pisava	балинешки	balineški	Balinesiska	บาหลี	Bali Dili	балійська	Ba-li	巴厘语	峇里文	峇里文
Bamu	Bamu		435				Bamumské	bamum	Bamum		Bamum	Bamuma				bamum-kieli	bamoum	Bamum		Bamum	bamum	Bamum	Bamum	Bamum				Bamum			Bamum			bamum			Bamum	Бамумская			бамушки	bamuški	Bamum	บามุม		бамум		巴穆姆文字		巴姆穆文字
Bass	Bass		259				Bassa Vah	bassa vah	Bassa Vah		Bassa Vah	Bassa				bassa-vah	bassa	Bassa Vah		Bassa Vah	bassa	Bassa Vah	Bassa Vah	Bassa vah				Bassa raksts			Bassa Vah			bassa vah			Bassa Vah	Басса			баса вахски	basa vahski	Bassa vah	บัสซา (วาห์)		басса				巴薩瓦赫字母
Batk	Batk	الباتاك	365		Batak		Batacké	batak	Battakisch		Batak	Bataka	batak	bataki	باتاکی	batakilainen	batak	Batak		Batak	batak	Batak	Batak	Batak	バタク文字	바타크 문자	Batak	Bataksu		batak	Batak	batak	Bascon	batak	bataque	bataque	Batak	Батакская		bataška pisava	баткски	batkski	Batak	บาตัก	Batak	батак	Ba-tắc	巴塔克语	巴塔克语	巴塔克文
Beng	Beng	البنغالية	325	Бенгалска	Bengali	bengalí	Bengálské	bengalesisk	Bengalisch		Bengali	Bengala	bengalí	bengali	بنگالی	bengalilainen	bengalî	Bengalí	בנגאלית	Bengáli	bengali	Bengali	Bengalskt	Bengalese	ベンガル文字	벵골 문자	Bengalų	Bengāļu	ബംഗാളി	bengalsk	Bengaals	bengali	Bengalí	bengalski	bengali	bengali	Bengali	Бенгальская		bengalska pisava	бенгалски	bengalski	Bengali	เบงกาลี	Bengalce	бенгальська	Ben-ga-li	孟加拉语	孟加拉文	孟加拉文
Bhks	Bhks		334					bhaiksuki	Bhaiksuki		Bhaiksuki						bhaiksuki																	bhaiksuki				Бхайсуки					Bhaiksuki			бхайксукі				
Blis	Blis	رموز بليس	550		Arouezioù Bliss	símbols Bliss	Bliss	blissymboler	Bliss-Symbole		Blissymbols	Blisa skribo	símbolos Bliss	Blissi sümbolid		Bliss-symbolit	symboles Bliss	Símbolos Bliss		Bliss jelképrendszer	symbolos Bliss	Blissymbols	Bliss-tákn	Simboli Bliss	ブリスシンボル		Blissimbolių	Bliss simbolu		blissymbol	Blissymbolen	blissymbol		bliss	símbolos bliss	símbolos bliss	Simboluri Blis	Блиссимволика		Blissova simbolna pisava	блисимболи	blisimboli	Blissymboler	บลิสซิมโบลส์	Blis Sembolleri	бліссимволіка	Ký hiệu Bliss	布列斯符号	布列斯符号	布列斯符號
Bopo	Bopo	البوبوموفو	285		Bopomofo		Bopomofo	bopomofo	Bopomofo		Bopomofo	Bopomofo	bopomofo	bopomofo	بوپوموفو	bopomofo	bopomofo	Bopomofo		Bopomofo	bopomofo	Bopomofo	Bopomofo	Bopomofo	注音字母	주음부호	Bopomofo	Bopomofo		bopomofo	Bopomofo	bopomofo		bopomofo	bopomofo	bopomofo	Bopomofo	Бопомофо	bopomofo	bopomofo	бопоски	boposki	Zhuyin	ปอพอมอฟอ (จู้อิน)	Bopomofo	бопомофо	Bô-pô-mô-phô	汉语拼音	注音符號	注音符號
Brah	Brah	الهندوسية	300		Brahmi		Bráhmí	bramisk	Brahmi		Brahmi	Bramia	brahmi	brahmi		brahmi	brâhmî	Brahmi		Brahmi	brahmi	Brahmi	Brahmi	Brahmi	ブラーフミー文字		Brahmi	Brahmi	ബ്രാഹ്മി	brahmi	Brahmi	brahmi		brahmi	brahmi	brahmi	Brahmi	Брахми	brahmické	brahmi	брахски	brahski	Brahmi	พราหมี	Brahmi	брахмі	Bợ-ră-mi	婆罗米文字	婆罗米文字	婆羅米文
Brai	Brai	البرايل	570	Брайлова	Brailh	braille	Braillovo	blindskrift	Blindenschrift	Μπράιγ	Braille	Brajla	braille	punktkiri	بریل	Braille-pistekirjoitus	braille	Braille	ברייל	Braille	braille	Braile	Braille blindraletur	Braille	ブライユ点字		Brailis	Braila raksts		braille	Braille	braille	Braille	Braille'a	braile	braile	Braille	Брайля	braillovo	brajica	брајево писмо	brajevo pismo	Blindskrift	เบรลล์	Braille	шрифт Брайля	Chữ Braille	布莱叶盲文	盲人用點字法	盲人點字符號
Bugi	Bugi	البجينيز	367		Bugi		Buginské	buginesisk	Buginesisch		Buginese	Bugia	buginés	bugi	بوگیایی	bugilainen	bouguis	Buxinés		Buginéz	buginese	Bugis	Buginískt	Buginese	ブギス文字	부기 문자	Buginų	Bugu		buginesisk	Buginees	buginesisk	Chinès	lontara	buginês	buginês	Bughineză	Бугинизийская		buginska pisava	бугинешки	bugineški	Buginesiska	บูกินีส	Bugis	бугійська	Bu-gi-ni	布吉语	布吉语	布吉斯文
Buhd	Buhd	البهيدية	372		Bouhid		Buhid	buhid	Buhid		Buhid	Buhida	buhid	buhidi		buhidilainen	bouhide	Buhid		Buhid	buhid	Buhid	Búhid	Buhid	ブヒッド文字	부히드 문자	Buhid	Buhid		buhid	Buhid	buhid		buhid	buhid	buhid	Buhid	Бухид		buhidska pisava	бухидски	buhidski	Buhid	บูฮิด	Buhid	бухід	Bu-hít	布希德语	布希德语	布黑德文
Cakm	Cakm	التشامية	349		Chakma		Chakma	chakma	Chakma		Chakma	Ĉakma	chakma	tšami		chakma	chakma	Chakma		Chakma	chakma	Chakma	Chakma	Chakma	チャム文字		Chakma	Čakmas		cham	Chakma	cham		czakma	cham	cham	Chakma	Чакмийская			чакмешки	čakmeški	Chakma	จักมา		чакмійська	Chác-ma	占语	占语	查克馬文
Cans	Cans	رموز أصلية كندية موحدة	440		Kanadianeg silabenneg broel unanet		Sylabické kanadské domorodé	oprindelige canadiske symboler	UCAS		Unified Canadian Aboriginal Syllabics	Unuigitaj Kanadaj Indiĝenaj Silabaroj	silabarios indígenas canadienses unificados	Kanada põlisrahvaste ühtlustatud silpkiri		Kanadan alkuperäiskansojen yhtenäistetty tavukirjoitus	syllabaire autochtone canadien unifié	Silabarios indíxenas canadenses unificados		Egyesített kanadai őslakos jelek	syllabario autochthone canadian unificate	Silabil Aborigin Kanada Bersatu	Samræmd kanadísk atkvæðaskrift	Simboli aborigeni canadesi unificati	統合カナダ先住民記号	통합 캐나다 토착어	Unifikuoti kanados aborigenų skiemenys	Vienotās Kanādas iezemiešu zilbes		felles kanadiske urspråksstavelser	Verenigde Canadese Aboriginal-symbolen	felles kanadiske urspråksstavingar		zunifikowane symbole kanadyjskich autochtonów	símbolos aborígenes do Canadá Unificado	símbolos aborígenes do Canadá Unificado	Simboluri aborigene canadiene unificate	Унифицированные Символы Канадских Аборигенов		poenotena zlogovna pisava kanadskih staroselcev	уједињени канадски слогови абориџина	ujedinjeni kanadski slogovi aboridžina	Kanadensiska stavelsetecken	รูปพยางค์รวมชนเผ่าพื้นเมืองแคนาดา	UCAS	уніфіковані силабічні канадських аборигенів	Âm Tiết Thổ Dân Ca-na-đa Thống Nhất	加拿大土著统一符号语	加拿大原住民通用字符	加拿大原住民通用字符
Cari	Cari		201		Karianeg		Karijské	kariansk	Carian		Carian	Karia	cario			kaarialainen	carien	Cario		Kariai	cario	Carian	Carian	Carian			Karų	Likija		karisk	Carisch	karisk	Maòri	karyjski			Cariană	Карийская		karijska pisava	каријански	karijanski	Kariska	แคเรีย	Karya	карійська	Ca-ri	卡里亚字母		卡里亞文
Cham	Cham	التشامية	358		Cham		Čam	cham	Cham		Cham	Ĉama	cham	tšami		tšamilainen	cham (čam, tcham)	Cham		Cham	cham	Cham	Cham	Cham	チャム文字		Chamų	Čamorru		cham	Cham	cham		czamski	cham	cham	Cham	Чамская		čamska pisava	чамешки	čameški	Cham	จาม		тьям	Cham	占语	占语	占文
Cher	Cher	الشيروكى	445	Чероки	Cheroki		Čerokí	cherokee	Cherokee		Cherokee	Ĉeroka	cherokee	tšerokii	چروکی	cherokeelainen	tchérokî	Cherokee	צ'רוקית	Cherokee	cherokee	Cheroke	Cherokee	Cherokee	チェロキー文字	체로키 문자	Čerokių	Irokēzu		cherokee	Cherokee	cherokee	Cherokí	czerokeski	cheroqui	cheroqui	Cherokee	Чероки	čerokí	čerokeška pisava	чирокешки	čirokeški	Cherokesiska	เชอโรกี	Çeroki	черокі	Che-rô-khi	切罗基语	柴羅基文	卻洛奇文
Cirt	Cirt	السيرث	291		Cirth		Cirth	cirt	Cirth		Cirth	Kirta (Tolkien)	cirth	cirth		cirth	cirth	Cirth		Cirth	cirth	Cirth	Cirth	Cirth	キアス文字		Cirth	Kirta		cirth	Cirth	cirth		cirth	cirth	cirth	Cirth	Кирт		kirt	сиртошки	sirtoški	Cirth	เซิร์ต	Cirth	кіртська	Cirth	色斯文	色斯文	精靈-色斯文
Copt	Copt	القبطية	204	Коптска	Kopteg	copte	Koptské	koptisk	Koptisch	Κοπτικό	Coptic	Kopta	copto	kopti	قبطی	koptilainen	copte	Copto	קופטית	Kopt	copto	Coptic	Koptískt	Copto	コプト文字	콥트 문자	Koptų	Koptu		koptisk	Koptisch	koptisk	Còpt	koptyjski	cóptico	cóptico	Coptă	Коптская		koptska pisava	коптски	koptski	Koptiska	คอปติก	Koptik	коптська	Giáo hội Ai Cập	克普特语	科普特文	科普特文
Cprt	Cprt	القبرصية	403		Chipreg	xipriota	Kyperské	cypriotisk	Zypriotisch	Κυπριακό	Cypriot	Kipra	chipriota	muinasküprose		muinaiskyproslainen	syllabaire chypriote	Chipriota	קפריסאית	Ciprusi	syllabario cypriota	Cypriot	Kýpverskt	Cipriota	キプロス文字	키프로스 문자	Kipro	Kipras		kypriotisk	Cyprisch	kypriotisk		cypryjski	cipriota	cipriota	Cipriotă	Кипрская		ciprska pisava	кипарски	kiparski	Cypriotiska	ซิพริออต	Kıbrıs	кіпрська	Síp	塞浦路斯语	塞浦路斯文	賽普勒斯文
Cyrl	Cyrl	السيريلية	220	Кирилица	Lizherenneg ar ruseg	ciríl·lic	Cyrilice	kyrillisk	Kyrillisch	Κυριλλικό	Cyrillic	Cirila	cirílico	kirillitsa	سیریلی	kyrillinen	cyrillique	Cirílico	קירילית	Cirill	cyrillico	Cyrillic	Kýrílskt	Cirillico	キリル文字	키릴 문자	Kirilica	Kirilica		kyrillisk	Cyrillisch	kyrillisk	Cirillic	cyrylica	cirílico	cirílico	Chirilică	Кириллица	cyrilské	cirilica	ћирилични	ćirilični	Kyrilliska	ซีริลลิก	Kiril	кирилиця	Chữ Ki-rin	西里尔语	斯拉夫語系	西里爾字母
Cyrs	Cyrs	السيريلية - متغير السلافية الكنسية القديمة	221		Lizhennereg ar ruseg (stumm ar Slaved)		Cyrilice (staroslověnská varianta)	kyrillisk (oldkirkeslavisk variant)	Kyrillisch (Altkirchenslawische Variante)		Cyrillic (Old Church Slavonic variant)	Cirila (slavona vario)	cirílico (alfabeto del eslavo eclesiástico antiguo)	kirikuslaavi kirillitsa		kyrillinen (muinaiskirkkoslaavimuunnelma)	cyrillique (variante slavonne)	Cirílico (alfabeto do eslavo eclesiástico antigo)	קירילית סלאבונית כנסייתית עתיקה	Cirill (Régi templomi szláv változat)	cyrillico (variante slave ecclesiastic ancian)	Cyrillic (Varian dari Gereja Lama Slovenia)	Kýrílskt (Forn-kirkjulegt slavneskt tilbrigði)	Cirillico (variante antica chiesa slavonica)	キリル文字 (古代教会スラブ語の文字)		Kirilica (senasis bažnytinis variantas)	Kirilica (Senslāvu variants)		kirkeslavisk kyrillisk	Cyrillisch (Oudkerkslavische variant)	kyrillisk (kyrkjeslavisk variant)		cyrylica (odmiana staro-cerkiewno-słowiańska)	cirílico eslavo eclesiástico	cirílico eslavo eclesiástico	Chirilică (varianta slavonă bisericească veche)	Старославянская		cirilica (starocerkvenoslovanska različica)	старословенска црквена ћирилица	staroslovenska crkvena ćirilica	Kyrilliska (fornkyrkoslavisk version)	ซีริลลิก (แบบเชิร์ชสลาโวนิกโบราณ)		кирилиця (давньослов’янський варіант)	Chữ Ki-rin (biến thể Xla-vô-ni Nhà Thơ Cũ)	西里尔文字（古教会斯拉夫语的变体）	西里尔文字（古教会斯拉夫语的变体）	西里爾文 (古教會斯拉夫文的變體)
Deva	Deva	الديفاناجارى	315	Деванагари	Devanagari (Nagari)		Devanágarí (nágarí)	devanagari (nagari)	Devanagari (Nagari)		Devanagari (Nagari)	Nagaria	devanagari (Nagari)	devanaagari	دوناگری	devanagari (nagari)	dévanâgarî	Devanagari (Nagari)	דוואנגרי	Devanagari (Nagari)	devanagari	Devanagari (Nagari)	Devanagari (Nagari)	Devanagari (nagari)	デーバナーガリー文字	데바나가리	Devanagari (Nagari)	Devānagāri (Nagari)	ദേവനാഗരി	devanagari	Devanagari (Nagari)	devanagari		dewanagari (nagari)	devanágari	devanágari	Devanagari (Nagari)	Деванагари		devanagari	деванагари (нагари)	devanagari (nagari)	Devanagari (nagari)	เทวนาครี	Devanagari	девангарі (нагарі)	Đe-va-na-ga-ri (Na-ga-ri)	梵文	梵文	梵文字母天城體 (城文)
Dsrt	Dsrt	الديسيريت	250		Deseret (Mormon)		Deseret (mormonské)	deseret (mormon)	Deseret (Mormonisch)		Deseret (Mormon)	Desereta (mormona)	deseret (mormón)	deseret		deseret (mormoni)	déseret (mormon)	Deseret (mormón)		Deseret (Mormon)	deseret (mormon)	Deseret (Mormon)	Deseret (Mormón)	Deseret (mormone)	デセレット文字	디저렛 문자	Deseret (mormonų)	Deseret (Mormon)		deseret	Deseret (Mormon)	deseret		deseret (mormoński)	deseret	deseret	Deseretă (Mormonă)	Дезерет		deseret (mormonska pisava)	дезеретски (мормонски)	dezeretski (mormonski)	Deseret (mormon)	เดเซอเรต (มอร์มอน)	Deseret	дезерет (мормонська)	Đe-se-rét (Moa-mon)	德塞莱特文	德瑟雷特文	德瑟雷特文
Dupl	Dupl		755				Duployého těsnopis	Duployé-stenografi	Stenografie nach Émile Duployé		Duployan shorthand, Duployan stenography	Duploja stenografio				Duployén pikakirjoitus	sténographie Duployé	Taquigrafía Duployan, Esteganografía Duployan		Duployan gyorsítás, Duployan gyorsírás	stenographia Duployé	Duployan pendek, Duployan stenografi	Duploy hraðskrift, Duploy steinskrift	Stenografia duployan, scrittura veloce duployan				Duplo īsinājums, Duplo stenogrāfija			Duployan stenografie			stenografia Duploye'a			Duploiană abreviată, Duploiană stenografie	Дуплоянская скоропись, Дуплоянская стенография			дуплојске скраћенице, дуплојски брзопис	duplojske skraćenice, duplojski brzopis	Duployan-stenografi	ชวเลขดูพลอยัน		скоропис Дюплоє, стенографія Дюплоє				杜洛耶速記
Egyd	Egyd	الديموطيقية	070		Ejipteg demotek	egipci demòtic	Egyptské démotické	ægyptisk demotisk	Ägyptisch (Demotisch)	Αιγυπτιακό Λαϊκό	Egyptian demotic	Egipta demotika	egipcio demótico	egiptuse demootiline		egyptiläinen demoottinen	démotique égyptien	Exipcio demótico		Egyiptomi demotikus	egyptiano demotic	Mesir demotic	Egypsk demótísk hraðskrift	Egiziano demotico	エジプト民衆文字		Egiptiečių demotinis	Ēģiptiešu demotiskais raksts		egyptisk demotisk	Egyptisch demotisch	egyptisk demotisk		egipski demotyczny	demótico egípcio	demótico egípcio	Demotică egipteană	Египетская демотическая	egyptské demotické	egipčanska demotska pisava	египатски демотски	egipatski demotski	Egyptisk demotisk skrift	ดีโมติกอียิปต์	Mısır Yazısı - Demotik	єгипетська демотична	Ai Cập thông dụng	后期埃及语	古埃及世俗體	古埃及文世俗體
Egyh	Egyh	الهيراطيقية	060		Ejipteg Hieratik	egipci hieràtic	Egyptské hieratické	egyptisk hieratisk	Ägyptisch (Hieratisch)	Αιγυπτιακό Ιερατικό	Egyptian hieratic	Egipta hieratika	egipcio hierático	egiptuse hieraatiline		egyptiläinen hieraattinen	hiératique égyptien	Exipcio hierático		Egyiptomi hieratikus	egyptiano hieratic	Mesir hieratic	Egypsk hieratísk hraðskrift	Egiziano ieratico	エジプト神官文字		Egiptiečių hieratinis	Ēģiptiešu hierātiskais raksts		egyptisk hieratisk	Egyptisch hiëratisch	egyptisk hieratisk		egipski hieratyczny	hierático egípcio	hierático egípcio	Hieratică egipteană	Египетская иератическая	egyptské hieratické	egiščanska hieratska pisava	египатски хијератски	egipatski hijeratski	Egyptisk hieratisk skrift	ไฮราติกอียิปต์	Mısır Yazısı - Hiyeratik	єгипетська ієротична	Ai Cập thầy tu	古埃及僧侣书写体	古埃及僧侶體	古埃及文僧侶體
Egyp	Egyp	الهيروغليفية	050	Египетски йероглифи	Hieroglifoù Ejipt	egipci hieroglífic	Egyptské hieroglyfy	egyptiske hieroglyffer	Ägyptische Hieroglyphen	Αιγυπτιακά Ιερογλυφικά	Egyptian hieroglyphs	Egipta hieroglifa	jeroglíficos egipcios	egiptuse hieroglüüfkiri	هیروگلیف مصری	egyptiläiset hieroglyfit	hiéroglyphes égyptiens	Xeroglifos exipcios	כתב חרטומים	Egyiptomi hieroglifák	hieroglyphico egyptian	Mesir hieroglyphs	Egypskt myndletur	Geroglifici egiziani	エジプト聖刻文字		Egipto hieroglifai	Ēģiptiešu hieroglifi		egyptiske hieroglyfer	Egyptische hiërogliefen	egyptiske hieroglyfar		hieroglify egipskie	hieróglifos egípcios	hieróglifos egípcios	Hieroglife egiptene	Египетская иероглифическая	Egyptské hieroglyfické	egipčanska hieroglifna pisava	египатски хијероглифи	egipatski hijeroglifi	Egyptiska hieroglyfer	ไฮโรกลิฟอียิปต์	Mısır Yazısı - Hiyeroglif	єгипетська ієрогліфічна	Ai Cập viết tượng hình	古埃及象形文	古埃及象形文	古埃及象形文
Elba	Elba		226				Elbasánské	elbasan	Elbasan		Elbasan	Elbasana				elbasanilainen	elbasan	Elbasan		Elbasan	elbasan	Elbasan	Elbasan	Elbasan				Elbasan			Elbasan			elbasański			Elbasană	Эльбасанская			елбански	elbanski	Elbasan	เอลบาซาน		ельбасан				艾巴申文
Ethi	Ethi	الاثيوبية	430	Етиопска	Etiopeg (Geʻez)		Etiopské (Geʻez)	etiopisk (geʻez)	Äthiopisch (Geʻez)	Αιθιοπικό	Ethiopic (Geʻez)	Etiopa	etiópico (Geʻez)	etioopia	اتیوپیایی	etiopialainen (ge'ez)	éthiopien (geʻez, guèze)	Etiópico (Geʻez)	אתיופית	Etióp (Geʻez)	ethiope (geʻez)	Ethiopia (Geʻez)	Eþíópískt (Geʻez)	Etiope (ge`ez)	エチオピア文字	에티오피아 문자	Etiopų (Geʻez)	Etiopiešu (Gēzes)		etiopisk	Ethiopisch (GeDez)	etiopisk		etiopski (gyyz)	etiópico	etiópico	Etiopiană (Geʻez)	Эфиопская	etiópske	etiopska pisava (giz)	етиопски (ге'ез)	etiopski (ge'ez)	Etiopiska (fornetiopiska)	เอธิโอเปีย (กี'อิซ)	Etiyopya	ефіопська (гізи)	Ê-ti-ô-pi (Ge'ez)	埃塞俄比亚语	衣索匹亞文	衣索比亞文 (吉茲字母)
Geok	Geok		241		Skritur Jorjieg (assomtavrouli ha nouskhouri)		Khutsuri (asomtavruli a nuskhuri)	Khutsuri (asomtavruli og nuskhuri)	Khutsuri (Asomtavruli und Nuskhuri)		Khutsuri (Asomtavruli and Nuskhuri)	Ĥucura	Khutsuri georgiano (Asomtavruli y Nuskhuri)			khutsuri (asomtavruli ja nuskhuri)	khoutsouri (assomtavrouli et nouskhouri)	Khutsuri xeorxiano (Asomtavruli y Nuskhuri)		Khutsuri (Asomtavruli és Nuskhuri)	khutsuri (asomtavruli e nuskhuri)	Khutsuri (Asomtavruli dan Nuskhuri)	Khutsuri (Asomtavruli og Nuskhuri)	Khutsuri (asomtavruli e nuskhuri)			Khutsuri (Asomtavruli ir Nuskhuri)	Kutsuri (Asomtavruli un Nuskuri)			Khutsuri (Asomtavruli en Nuskhuri)			chucuri (asomtawruli i nuschuri)			Khutsuri (Asomtavruli și Nuskhuri)	Хуцури (асомтаврули и нусхури)			куцурски (асомтаврули и нускури)	kucurski (asomtavruli i nuskuri)	Khutsuri (asomtavruli och nuskhuri)			хутсурі	Khu-t-xu-ri (Asomtavruli và Nuskhuri)			格魯吉亞文
Geor	Geor	الأبجدية الجورجية - أسومتافرلى و نسخرى	240		Jorjieg (mkhédrouli)		Gruzínské (Mkhedruli)	georgisk (mkhedruli)	Georgisch (Mkhedruli)		Georgian (Mkhedruli)	Kartvela	georgiano (Mkhedruli)	gruusia hutsuri		georgialainen (mkhedruli)	géorgien (mkhédrouli)	Xeorxiano (Mkhedruli)		Grúz (Mkhedruli)	georgiano (mkhedruli)	Georgia (Mkhedruli)	Georgíska (Mkhedruli)	Georgiano (mkhedruli)			Gruzinų (Mkhedruli)	Gruzīnu (Mhedruli)		georgisk khutsuri	Georgisch (Mkhedruli)	khutsuri (asomtavruli og nuskhuri)		gruziński (mchedruli)	khutsuri georgiano	khutsuri georgiano	Georgiană (Mkhedruli)	Грузинская хуцури		gruzinska pisava (mhedruli)	грузијски (мкедрулијски)	gruzijski (mkedrulijski)	Georgiska (mkhedruli)		Hutsuri Gürcüce	грузинська (мхедрулі)	Gi-oa-gi-a (Mkhedruli)	格鲁吉亚字母	格鲁吉亚语文字 (Asomtavruli and Nuskhuri)	喬治亞文
Glag	Glag	الجلاجوليتيك	225		Lizherenneg ar c'hlagolitek		Hlaholice	glagolitisk	Glagolitisch		Glagolitic	Glagolica	glagolítico	glagoolitsa		glagoliittinen	glagolitique	Glagolítico		Glagolit	glagolitico	Glagolitic	Glagolitískt	Glagolitico	グラゴール文字		Glagolitiškas	Glagolica		glagolittisk	Glagolitisch	glagolittisk		głagolica	glagolítico	glagolítico	Glagolitică	Глаголица	hlaholika	glagolica	глагољица	glagoljica	Glagolitiska	กลาโกลิติก	Glagolit	глаголиця	G-la-gô-li-ti	格拉哥里语	格拉哥里语	格拉哥里文
Goth	Goth	القوطية	206	Готическа	Goteg	gòtic	Gotické	gotisk	Gotisch	Γοτθικό	Gothic	Gota	gótico	gooti	گوتیک	goottilainen	gotique	Gótico	גותית	Gót	gothico	Gothic	Gotneskt	Gotico	ゴート文字	고트 문자	Gotų	Gotu		gotisk	Gothisch	gotisk	Gotic	gocki	gótico	gótico	Gotică	Готская		gotska pisava	готски	gotski	Gotiska	โกธิก	Gotik	готична	Gô-tích	哥特语	歌德文	哥德體
Gran	Gran		343				Grantha	grantha	Grantha		Grantha	Granta				granthakirjoitus	grantha	Grantha		Grantha	grantha	Grantha	Grantha	Grantha				Granta			Grantha			grantha			Grantha	Грантха			грентски	grentski	Grantha	คฤนถ์		гранта				加蘭塔文
Grek	Grek	اليونانية	200	Гръцка	Gresianeg	grec	Řecké	græsk	Griechisch	Ελληνικό	Greek	Greka	griego	kreeka	یونانی	kreikkalainen	grec	Grego	יוונית	Görög	greco	Yunani	Grískt	Greco	ギリシャ文字	그리스 문자	Graikų	Grieķu	ഗ്രീക്ക്	gresk	Grieks	gresk	Grèc	grecki	grego	grego	Greacă	Греческая	grécke	grška pisava	грчки	grčki	Grekiska	กรีก	Yunan	грецька	Hy Lạp	希腊语	希臘文	希臘文
Gujr	Gujr	التاغجراتية	320	Гуджарати	Goudjarateg		Gudžarátí	gujarati	Gujarati	Γκουγιαράτι	Gujarati	Guĝarata	gujarati	gudžarati	گجراتی	gudžaratilainen	goudjarâtî (gujrâtî)	Guxarati		Gudzsaráti	gujarati	Gujarati	Gujaratískt	Gujarati	グジャラート文字	구쟈라티 문자	Gudžaratų	Gudžaratu	ഗുജറാത്തി	gujarati	Gujarati	gujarati	Gujarati	gudźarati	gujerati	gujerati	Gujarati	Гуджарати		gudžaratska pisava	гујаратски	gujaratski	Gujarati	คุชราตี	Gujarati	гуджараті	Gu-gia-ra-ti	古吉拉特语	古吉拉特语	古吉拉特文
Guru	Guru	الجرمخى	310		Gurmukhī		Gurmukhí	gurmukhi	Gurmukhi		Gurmukhi	Gurmuka	gurmuji	gurmukhi		gurmukhi	gourmoukhî	Gurmukhi		Gurmuki	gurmukhi	Gurmukhi	Gurmukískt	Gurmukhi	グルムキー文字	구르무키 문자	Gurmukhi	Gurmuku	ഗുരുമുഖി	gurmukhi	Gurmukhi	gurmukhi	Gurmukhi	gurmukhi	gurmuqui	gurmuqui	Gurmukhi	Гурмукхи		gurmuki	гурмушки	gurmuški	Gurmukhi	คุรุมุขี	Gurmukhi	гурмукі	Gổ-mu-khi	果鲁穆奇语	古爾穆奇文	果魯穆其文
Hanb	Hanb		503					han med bopomofo (alias for han + bopomofo)	Han mit Bopomofo (Alias für Han + Bopomofo)		Han with Bopomofo (alias for Han + Bopomofo)						han avec bopomofo (alias pour han + bopomofo)																	chińskie z bopomofo (chińskie + bopomofo)				Хан с Бопомофо (псевдоним для Хан + Бопомофо)					Han med Bopomofo (alias för Han + Bopomofo)			хань з бопомофо (назва для поєднання хань + бопомофо)				
Hang	Hang		286		Hangeul		Hangul (hangŭl)	hangul (hangŭl, hangeul)	Hangul (Hangŭl, Hangeul)		Hangul (Hangŭl, Hangeul)	Hangula	Hangul (Hangŭl, Hangeul)			hangul	hangûl (hangŭl, hangeul)	Hangul (Hangŭl, Hangeul)		Hangul (Hangŭl, Hangeul)	hangul	Hangul (Hangŭl, Hangeul)	Hangul (Hangŭl, Hangeul)	Hangul (hangŭl, hangeul)			Hangul (Hangŭl, Hangeul)	Hangul (Hangŭl, Hangeul)			Hangul (Hangŭl, Hangeul)			hangyl			Hangul (Hangŭl, Hangeul)	Хангыль	hangul (hangül)	hangul	хангулски (хангил, хангеул)	hangulski (hangil, hangeul)	Hangul (hangŭl, hangeul)	ฮันกึล		хангиль	Hangul (Hangŭl, Hangeul)	諺文		韓國-諺文
Hani	Hani		500		Han (Hanzi, Kanji, Hanja)		Čínské (chan-c')	han (hanzi, kanji, hanja)	Han (Hanzi, Kanji, Hanja)		Han (Hanzi, Kanji, Hanja)	Hana	Han (Hanzi, Kanji, Hanja)			kiinalainen han	idéogrammes han (sinogrammes)	Han (Hanzi, Kanji, Hanja)		Han (Hanzi, Kanji, Hanja)	han (hanzi, kanji, hanja)	Han (Hanzi, Kanji, Hanja)	Han (Hanzi, Kanji, Hanja)	Han (hanzi, kanji, hanja)			Han (kandži)	Ķīniešu (Hanzi, Kandži, Handži)			Han (Hanzi, Kanji, Hanja)			chińskie (hanzi, kanji, hancha)			Han (Hanzi, Kanji, Hanja)	Китайская	kandži	han (hanzi, kandži, handža)	хански (ханси, канџи, ханџа)	hanski (hansi, kandži, handža)	Han (hanzi, kanji, hanja)	ฮั่น (ฮั่นจื้อ, คันจิ, ฮันจา)		хань	Han (Hanzi, Kanji, Hanja)	汉字		漢字
Hano	Hano		371		Hanounoo		Hanunoo (Hanunóo)	hanunoo (hanunóo)	Hanunoo (Hanunóo)		Hanunoo (Hanunóo)	Hanunoa	Hanunoo (Hanunóo)			hanunoolainen	hanounóo	Hanunoo (Hanunóo)		Hanunoo (Hanunóo)	hanunoo	Hanunoo (Hanunóo)	Hanunoo (Hanunóo)	Hanunoo (hanunóo)			Hanunoo (Hanunóo)	Hanunū			Hanunoo (Hanunóo)			hanuno'o			Hanunoo (Hanunóo)	Хануну			ханошки	hanoški	Hanunoo (hanunóo)	ฮานูโนโอ		хануно	Hanunoo (Hanunóo)			含努鬧文
Hans	Hans	الهان المبسطة	501	Опростен китайски	Han (stumm aeset)	han (variant simplificada)	Čínské (zjednodušená varianta)	han (forenklet variant)	Han (vereinfachte Variante)	Κινεζικό Απλοποιημένο	Han (Simplified variant)	Hana (simpligita vario)	han simplificado	hiina lihtsustatud	هان ساده‌شده	han (yksinkertaistettu muunnelma)	idéogrammes han (variante simplifiée)	Han (variante simplificada)	האן מפושט	Han (Egyszerűsített változat)	han (variante simplificate)	Han (Varian yang dimudahkan)	Han (einfaldað tilbrigði)	Han (variante semplificata)	簡体字	중국어 간체	Han (supaprastintas variantas)	Ķīniešu vienkāršotā		forenklet han	Han (vereenvoudigd)	forenkla kinesisk		chiński uproszczony	han simplificado	han simplificado	Han (varianta simplificată)	Упрощенная китайская		han (poenostavljeni zapis)	хански (поједностављени)	hanski (pojednostavljeni)	Han (förenklad variant)	ฮั่นตัวย่อ	Basitleştirilmiş Han	хань (спрощений варіант)	Han (biến thể phổ thông)	简体中文	簡體中文	漢字 (簡化變體)
Hant	Hant	الهان التقليدية	502	Традиционен китайски	Han (stumm gozh)	han (variant tradicional)	Čínské (tradiční varianta)	han (traditionel variant)	Han (Traditionelle Variante)	Κινεζικό Παραδοσιακό	Han (Traditional variant)	Hana (tradicia vario)	han tradicional	hiina traditsiooniline	هان سنتی	han (perinteinen muunnelma)	idéogrammes han (variante traditionnelle)	Han (variante tradicional)	האן מסורתי	Han (Hagyományos változat)	han (variante traditional)	Han (Varian tradisional)	Han (hefðbundið tilbrigði)	Han (variante tradizionale)	繁体字	중국어 번체	Han (tradicinis variantas)	Ķīniešu tradicionālā		tradisjonell han	Han (traditioneel)	tradisjonell kinesisk		chiński tradycyjny	han tradicional	han tradicional	Han (varianta tradițională)	Традиционная китайская		han (tradicionalni zapis)	хански (традиционални)	hanski (tradicionalni)	Han (traditionell variant)	ฮั่นตัวเต็ม	Geleneksel Han	хань (традиційний варіант)	Han (biến thể truyền thống)	繁体中文	繁體中文	漢字 (傳統變體)
Hatr	Hatr		127					hatran	Hatran		Hatran						hatrénien			Hatran		Hatran	Hatran	Hatran				Hatran			Hatran			aramejski hatrański				Хатра			хатрански	hatranski	Hatranska	ฮัตรา		хатранська				
Hebr	Hebr	العبرية	125	Иврит	Hebraeg	hebreu	Hebrejské	hebraisk	Hebräisch	Εβραϊκό	Hebrew	Hebrea	hebreo	heebrea	عبری	heprealainen	hébreu	Hebreo	עברית	Héber	hebreo	Yahudi	Hebreskt	Ebraico	ヘブライ文字	히브리어	Hebrajų	Ivrits	ഹീബ്രു	hebraisk	Hebreeuws	hebraisk	Ebrèu	hebrajski	hebraico	hebraico	Ebraică	Иврит	hebrejské	hebrejska pisava	хебрејски	hebrejski	Hebreiska	ฮีบรู	İbranice	іврит	Do Thái	希伯来语	希伯來文	希伯來文
Hira	Hira	الهيراجانا	410	Японски хирагана	Hiragana		Hiragana	hiragana	Hiragana		Hiragana	Rondaj kanaoj	hiragana	hiragana	هیراگانا	hiragana	hiragana	Hiragana		Hiragana	hiragana	Hiragana	Híragana	Hiragana	ひらがな	히라카나	Hiragana	Hiragana		hiragana	Hiragana	hiragana		hiragana	hiragana	hiragana	Hiragana	Хирагана	hiragana	hiragana	хирагански	hiraganski	Hiragana	ฮิรางานะ	Hiragana	хірагана	Hi-ra-ga-na	平假名	平假名	平假名
Hluw	Hluw		080					anatolske hieroglyffer (luviske hieroglyffer, hittitiske hieroglyffer)	Anatolische Hieroglyphen (Luwische und hethitische Hieroglyphen)		Anatolian Hieroglyphs (Luwian Hieroglyphs, Hittite Hieroglyphs)	Anatolaj hieroglifoj (luvitaj hieroglifoj, hititaj hieroglifoj)					hiéroglyphes anatoliens (hiéroglyphes louvites, hiéroglyphes hittites)			Anatóliai hieroglifák (Luwian hieroglifák, Hittite hieroglifák)	hieroglyphico anatolian (hieroglyphico luvite, hieroglyphico hittite)	Hieroglif Anatolia (Hieroglif Luwian, Hieroglif Hittite)	Anatólískt myndletur (Luwia myndletur, Hittite myndletur)	Geroglifici anatolici (geroglifici luvi, geroglifici ittiti)				Anatolijas hieroglifi (luvijiešu hieroglifi, hetu hieroglifi)						hieroglify anatolijskie (hieroglify luwijskie, hieroglify hetyckie)				Анатолийские иероглифы (хетто-лувийские иероглифы)			анатолијски хијероглифи (лувјански, хититски хијероглифи)	anatolijski hijeroglifi (luvjanski, hititski hijeroglifi)	Anatoliska hieroglyfer (hieroglyfluviska, kilskriftsluviska)	ไฮโรกลิฟอนาโตเลีย (ไฮโรกลิฟลูเวีย, ไฮโรกลิฟฮิตไทต์)						安納托利亞象形文字 (盧維語象形文字，赫梯語象形文字)
Hmng	Hmng	الباهوه همونج	450		Pahawh Hmong		Pahawh Hmong	pahawh hmong	Pahawh Hmong		Pahawh Hmong	Skribo de Pahawh	pahawh hmong			pahawh hmong	pahawh hmong	Pahawh hmong		Pahawh Hmong	pahawh hmong	Pahawh Hmong	Pahawh Hmong	Pahawn hmong	パハウ・フモン文字		Pahawh Hmong	Pahav Hmong		pahawh hmong	Pahawh Hmong	pahawk hmong		pahawh hmong	pahawh hmong	pahawh hmong	Pahawh Hmong	Пахау хмонг		hmonška pisava	пахав хмоншки	pahav hmonški	Pahawh hmong	ม้ง	Pahawh Hmong	пахау хмонг	Miêu Pahawh	杨松录苗文	楊松錄苗文	楊松錄苗文
Hrkt	Hrkt		412		Japaneg (lesanv evit Han + Hiragana + Katakana)		Japonské sylabické (alias pro hiragana + katakana)	japansk stavelsesskrift (alias for hiragana + katakana)	Japanische Syllabaries (Alias für Hiragana + Katakana)		Japanese syllabaries (alias for Hiragana + Katakana)	Japana silabaroj (= Hana + Rondaj kanaoj + Strekaj kanaoj)	japonés (alias para Han + Hiragana + Katakana)			japanilainen tavukirjoitus (alias yhdistelmälle hiragana ja katakana)	syllabaires japonais (alias pour hiragana + katakana)	Xaponés (alias para han + hiragana + katakana)		Japán szótagábécé (a Hiragana + Katakana álneve)	syllabarios japonese (hiragana e katakana)	Silabel Jepang (alias untuk Han + Hiragana + Katakana)	Japanskt sérhljóða (samheiti fyrir Han + Hiragana + Katakana)	Sillabario giapponese (alias per hiragana + katakana)			Japonų (Han + Hiragana + Katakana)	Japāņu zilbes (iekļauj katakana un hiragana)			Japanse lettergrepen (alias voor Hiragana + Katakana)			sylabariusze japońskie (hiragana, katakana)			Japoneză (alias pentru Han + Hiragana + Katakana)	Японское силлабическое письмо (псевдоним для Хирагана + Катакана)	japonské (alias pre han + hiragana + katakana)	japonska pisava (han + hiragana + katakana)	јапански слоговни (алијас за хирагану + катакану)	japanski slogovni (alijas za hiraganu + katakanu)	Japanska stavelseskrifter (alias för hiragana + katakana)	อักษรพยางค์ญี่ปุ่น (= ฮิรางานะ + คาตาคานะ)		японська складова (назва для хірагани + катакани)	Nhật (bí danh đại diện Han + Hiragana + Katakana)	日语		日語音節文字 (平假名+片假名的別名)
Hung	Hung		176					oldungarsk (ungarske runer)	Altungarisch (Ungarische Runen)		Old Hungarian (Hungarian Runic)	Malnova hungara (hungara runeca)					runes hongroises (ancien hongrois)			Régi magyar (Magyar rúnák)	runas hungare (ancian hungaro)	Hungaria Lama (Runik Hungaria)	Forn-ungverska (ungverskt rúnaletur)	Ungherese antico (ungherese runico)				Vecais Ungārijas (Ungārijas Rūnas)			Oudhongaars (Hongaarse runen)			starowęgierski (węgierski runiczny)				Старовенгерская (венгерская руническая)			стари мађарски (мађарске руне)	stari mađarski (mađarske rune)	Fornungerska	ฮังการีเก่า (รูนิกฮังการี)		давня угорська (рунічна угорська)				舊匈牙利語 (匈牙利語古代北歐文字)
Inds	Inds		610		Indus (Harapan)		Harappské	indus (harappan)	Indus (Harappan)		Indus (Harappan)	Indusa (harapa)	proto-índico (alfabeto de Harappa)			induslainen	indus	Proto-índico (alfabeto de Harappa)		Indus (Harappan)	indico (harappano)	Indus (Harappan)	Indus (Harappan)	Indù (harappan)			Indų (harapų)	Indus (Harapana)			Indus (Harappan)			harappejski			Indus (Harappan)	Хараппская (письменность долины Инда)	harappské	induška pisava	индуски (харапан)	induski (harapan)	Indus (harappan)	อินดัส (ฮารัปปัน)		індійська (харапська)	In-du-x (Ha-ra-pa)	印度文字 (哈拉帕文字)		印度河文字 (哈拉帕文字)
Ital	Ital		210		Lzherenn stouet gozh (Etrurieg, Oskaneg, hag all)	antic itàlic (etrusc, osc, etc.)	Staroitalické (etruské, oscan atd.)	olditaliensk (etruskisk, oskansk etc.)	Altitalisch (Etruskisch, Oskisch usw.)		Old Italic (Etruscan, Oscan, etc.)	Malnova itala (etruska, oska, ktp)	itálico antiguo (etrusco, osco, etc.)			vanha italia (etruskit, oskit jne.)	ancien italique (étrusque, osque, etc.)	Itálico antigo (etrusco, osco, etc.)		Régi itáliai (Etruszk, Oscan, stb.)	italico antique (etrusco, osco, etc.)	Italik lama (Etruscan, Oscan, dll.)	Forn-ítalskt (Etruscan, Oscan, o.s.frv.)	Italico antico (etrusco, osco, ecc.)			Senasis italų (etruskų, oskų, etc.)	Vecitāļu (Etruskas, Oskanas, u.c.)			Oud-Italiaans (Etruskisch, Oskisch, etc.)			starowłoski (etruski, oskijski itp.)			Italiană veche (etruscă, oscană, etc.)	Староитальянская (этрусская, оскская и т. д.)		italska pisava (etruščanska, oskijska...)	стари италски (етруски, оскански, итд.)	stari italski (etruski, oskanski, itd.)	Äldre italienska (etruskiska, oskiska o.s.v.)	อิตาลิกโบราณ (อีทรัสกัน, ออสกัน ฯลฯ)		давня італійська (етруська, осканська тощо)	Ý cũ (E-tợ-ru-x-ca, O-x-ca v.v.)	老意大利文字 (伊特鲁里亚、奥斯坎、等等)		古斜體 (伊特魯里亞文、奧斯坎文…)
Jamo	Jamo		284	Корейски	Koreaneg (lesanv evit Hangul + Han)	coreà (àlies de hangul + han)	Korejské (alias pro hangul + han)	jamo (alias for jamoundersættet af hangul)	Jamo (Alias für die Jamo-Untermenge von Hangul)		Jamo (alias for Jamo subset of Hangul)	Korea (= hangula + hana)	coreano (alias para Hangul + Han)			korealainen (alias yhdistelmälle hangul ja han)	jamo (alias pour le sous-ensemble jamo du hangûl )	Coreano (alias para hangul + han)		Koreai (a Hangul + Han álneve)	coreano (hangul e han)	Korea (alias untuk Hangul + Han)	Kóreska (samheiti fyrir Hangul + Han)	Coreano (alias per hangul + han)			Korėjiečių (Hangul + Han)	Korejiešu (iekļauj Hangul + Han)			Koreaans (alias voor (Hangul + Han)			jamo (podzbiór jamo alfabetu hangul)			Koreană (alias pentru Hangul + Han)	Ямо (псевдоним для ямо + хангыль)	kórejské (alias pre hangul + han)	korejska pisava (hangul + han)	корејски (алијас за хангулски + хански)	korejski (alijas za hangulski + hanski)	Jamo (alias för Jamo-delmängden av Hangul)	เกาหลี (= ฮันกึล + ฮั่น)		чамо (назва для набору чамо хангиля)	Hàn (bí danh đại diện Hangul + Han)	韩语		韓文 (諺文+漢字的別名)
Java	Java	الجاوية	361		Javaeg		Javánské	javanesisk	Javanesisch		Javanese	Java	javanés	jaava	جاوه‌ای	jaavalainen	javanais	Xavanés		Jávai	javanese	Jawa	Javaneskt	Javanese	ジャワ文字	자바 문자	Javiečių	Javiešu		javanesisk	Javaans	javanesisk	Javanés	jawajski	javanês	javanês	Javaneză	Яванская		javanska pisava	јавански	javanski	Javanska	ชวา	Cava Dili	яванська	Gia-va	爪哇语	爪哇文	爪哇文
Jpan	Jpan		413		Japaneg (lesanv evit Han + Hiragana + Katakana)	japonès (àlies de han + hiragana + katana)	Japonské (alias pro han + hiragana + katakana)	japansk (alias for han + hiragana + katakana)	Japanisch (Alias für Han + Hiragana + Katakana)		Japanese (alias for Han + Hiragana + Katakana)	Japana (= Hana + Rondaj kanaoj + Strekaj kanaoj)	japonés (alias para Han + Hiragana + Katakana)			japanilainen (alias yhdistelmälle han, hiragana ja katakana)	japonais (alias pour han + hiragana + katakana)	Xaponés (alias para han + hiragana + katakana)		Japán (a Han + Hiragana + Katakana álneve)	japonese (han, hiragana e katakana)	Jepang (alias untuk Han + Hiragana + Katakana)	Japanska (samheiti fyrir Han + Hiragana + Katakana)	Giapponese (alias per han + hiragana + katakana)			Japonų (Han + Hiragana + Katakana)	Japāņu (iekļauj Han + Hiragana + Katakana)			Japans (alias voor Han + Hiragana + Katakana)			japoński (kanji, hiragana, katakana)			Japoneză (alias pentru Han + Hiragana + Katakana)	Японская (тоже, что и хань+хирагана+катакана)	japonské (alias pre han + hiragana + katakana)	japonska pisava (han + hiragana + katakana)	јапански (алијас за хански + хирагану + катакану)	japanski (alijas za hanski + hiraganu + katakanu)	Japanska (alias för han + hiragana + katakana)	ญี่ปุ่น (= ฮั่น + ฮิรางานะ + คาตาคานะ)		японська (назва для хань + хірагани + катакани)	Nhật (bí danh đại diện Han + Hiragana + Katakana)	日语		日文 (漢字+平假名+片假名的別名)
Jurc	Jurc		510				Džürčenské	jurchen	Jurchen		Jurchen	Jurchen				Džurtšen	jurchen			Jurchen	jurchen	Jurchen	Jurchen	Jurchen				Jurčen			Jurchen			dżurdżeński				Чжурчжэньская			јурченски	jurčenski	Jurchen			чжурчженська				女真文
Kali	Kali	الكياه لى	357		Kayah Li		Kayah li	kaya li	Kayah Li		Kayah Li	Kayah Li	Kayah Li	kaja li		kayah li	kayah li	Kayah Li		Kayah Li	kayah li	Kayah Li	Kayah Li	Kayah li			Kayah Li	Kajah li		kayah li	Kayah Li	kayah li		kayah li	kayah li	kayah li	Kayah Li	Кайа		karenska pisava	калишки	kališki	Kayah li	คยาห์	Kayah Li	кая-лі	Kayah Li	克耶李文字	克耶李文字	克耶李文字
Kana	Kana	الكتكانا	411	Японски катакана	Katakana		Katakana	katakana	Katakana		Katakana	Strekaj kanaoj	katakana	katakana	کاتاکانا	katakana	katakana	Katakana		Katakana	katakana	Katakana	Katakana	Katakana	カタカナ	가타카나	Katakana	Katakana		katakana	Katakana	katakana		katakana	katakana	katakana	Katakana	Катакана	katakana	katakana	катакана	katakana	Katakana	คาตาคานะ	Katakana	катакана	Ka-ta-ka-na	片假名	片假名	片假名
Khar	Khar	الخاروشتى	305		Kharoshthi		Kháróští	kharoshti	Kharoshthi		Kharoshthi	Karoŝta	kharosthi	kharoshthi		kharosthi	kharochthî	Kharosthi		Kharoshthi	kharochthi	Kharoshthi	Kharoshthi	Kharoshthi	カローシュティー文字		Kharoshthi	Kharošthi		kharoshthi	Kharoshthi	kharoshthi		kharoszti	kharoshthi	kharoshthi	Kharoshthi	Кхароштхи		gandarska pisava	карошти	karošti	Kharoshti	ขโรษฐี	Kharoshthi	карошті	Kha-ro-s-thi	卡罗须提文	卡罗须提文	卡羅須提文
Khmr	Khmr	الخميرية	355	Кхмерска	Kmereg	khmer	Kmérské	khmerisk	Khmer		Khmer	Kmera	jemer	khmeeri	خمری	khmeriläinen	khmer	Khmer		Khmer	khmer	Khmer	Khmerískt	Khmer	クメール文字	크메르어	Khmerų	Khmeru		khmer	Khmer	khmer	Khmer	khmerski	khmer	khmer	Khmeră	Кхмерская		kmerska pisava	кмерски	kmerski	Khmeriska	เขมร	Khmer	кхмерська	Khơ-me	高棉语	高棉文	高棉文
Khoj	Khoj		322				Khojki	khojki	Khojki		Khojki	Khojki				Khojki	khojkî			Khojki	khojki	Khojki	Khojki	Khojki				Khojki			Khojki			chodżycki				Хойки			кхојшки	khojški	Khojki	โขชกี		хойкі				和卓文
Kitl	Kitl		505					khitansk stor skrift	Khitan Großschrift		Khitan large script						khitan (grande écriture)																	kitańskie pismo duże				Большое киданьское письмо					Khitansk stor skrift			киданська велика писемність				
Kits	Kits		288					khitansk lille skrift	Khitan Kleinschrift		Khitan small script						khitan (petite écriture)																	kitańskie pismo małe				Малое киданьское письмо					Khitansk liten skrift			киданська мала писемність				
Knda	Knda	الكانادا	345		Kannadeg		Kannadské	kannada	Kannada		Kannada	Kanara	canarés	kannada	کاناده‌ای	kannadalainen	kannara (canara)	Canarés	קאנדה	Kannada	kannada	Kannada	Kannadískt	Kannada	カンナダ文字	칸나다	Kannada	Kannadu	കന്നഡ	kannada	Kannada	kannada	Kannadà	kannada	kannada	kannada	Kannada	КаннадаKannada		kanarejska pisava	кндешки	kndeški	Kanaresiska	กัณณาท	Kannada	каннада	Kan-na-đa	卡纳塔克语	坎那達文	卡納達文
Kore	Kore		287	Корейски	Koreaneg (lesanv evit Hangul + Han)	coreà (àlies de hangul + han)	Korejské (alias pro hangul + han)	koreansk (alias for hangul + han)	Koreanisch (Alias für Hangul + Han)		Korean (alias for Hangul + Han)	Korea (= hangula + hana)	coreano (alias para Hangul + Han)			korealainen (alias yhdistelmälle hangul ja han)	coréen (alias pour hangûl + han)	Coreano (alias para hangul + han)		Koreai (a Hangul + Han álneve)	coreano (hangul e han)	Korea (alias untuk Hangul + Han)	Kóreska (samheiti fyrir Hangul + Han)	Coreano (alias per hangul + han)			Korėjiečių (Hangul + Han)	Korejiešu (iekļauj Hangul + Han)			Koreaans (alias voor (Hangul + Han)			koreański (hangyl, hancha)			Koreană (alias pentru Hangul + Han)	Корейская (псевдоним для хангыль + хан)	kórejské (alias pre hangul + han)	korejska pisava (hangul + han)	корејски (алијас за хангулски + хански)	korejski (alijas za hangulski + hanski)	Koreanska (alias för hangul + han)	เกาหลี (= ฮันกึล + ฮั่น)		корейська (назва для хангиля + хань)	Hàn (bí danh đại diện Hangul + Han)	韩语		韓文 (諺文+漢字的別名)
Kpel	Kpel		436				Kpelle	kpelle	Kpelle		Kpelle	Kpela				kpelle	kpèllé	Kpelle		Kpelle	kpelle	Kpelle	Kpelle	Kpelle				Kpellu			Kpelle			kpele			Kpelenă	Кпелле			кпелски	kpelski	Kpelle			кпелле				克佩勒文
Kthi	Kthi	الخاروشتى	317		Kaithi		Kaithi	kaithi	Kaithi		Kaithi	Kajasta	Kaithi	kharoshthi		kaithi	kaithî	Kaithi		Kaithi	kaithi	Kaithi	Kaithi	Kaithi	カローシュティー文字		Kaithi	Kaithi		kharoshthi	Kaithi	kharoshthi		Kaithi	kharoshthi	kharoshthi	Kaithi	Кайтхи		kajatska pisava	каитски	kaitski	Kaithi	ไกถี	Kharoshthi	кайті	Kai-thi	卡罗须提文	卡罗须提文	凱提體
Lana	Lana		351				Tai Tham (Lanna)	tai tham (lanna)	Tai Tham (Lanna)		Tai Tham (Lanna)	Lanna				tai tham (lanna)	taï tham (lanna)	Tai Tham (Lanna)		Tai Tham (Lanna)	tai tham (lanna)	Tai Tham (Lanna)	Tai Tham (Lanna)	Tai tham (Lanna)				Tai Thama (Lanna)			Noordelijk Thai (Lanna)			lannijski			Tai Tham (Lanna)	Тай Там (Ланна)		lana	таитамски (лана)	taitamski (lana)	Tham (lanna)	ธรรมล้านนา		тай там (ланна)	Tai Thal (Lanna)	老傣文 (兰纳文)		老傣文 (蘭納文)
Laoo	Laoo	اللاو	356	Лаоска	Lao		Laoské	laotisk	Laotisch		Lao	Laosa	lao	lao	لائوسی	laolainen	laotien	lao	לאית	Lao	laotiano	Lao	Laó	Lao	ラオ文字	라오어	Lao	Lao		laotisk	Lao	laotisk	Laossian	laotański	lao	lao	Laoțiană	Лаосская		laoška pisava	лаоски	laoski	Laotiska	ลาว	Lao Dili	лаоська	Lào	老挝语	寮國文	老撾文
Latf	Latf	اللاتينية - متغير فراكتر	217		Latin (stumm torret)		Latinka (fraktur)	latinsk (frakturvariant)	Lateinisch (Fraktur-Variante)		Latin (Fraktur variant)	Latina (fraktura vario)	latino (variante fraktur)	ladina fraktuurkiri		latinalainen (fraktuuramuunnelma)	latin (variante brisée)	Latino (variante fraktur)		Latin (Fraktur változat)	latino (variante fraktur)	Latin (varian Fraktur)	Latína (Fraktur tilbrigði)	Latino (variante fraktur)		독일식 로마자	Lotynų (Fraktur variantas)	Latīņu (Frakturas variants)		frakturlatinsk	Latijn (Fraktur-variant)	latinsk (frakturvariant)		łaciński (fraktura)	latim fraktur	latim fraktur	Latină (varianta fraktur)	Латинская фрактура		latinica (gotica)	латиница (фрактур варијанта)	latinica (fraktur varijanta)	Latin (frakturvariant)	ละติน (แบบแฟรกทูร์)	Fraktur Latin	латиниця (фрактура)	La-tinh (biến thể Fraktur)	拉丁文（哥特式字体变体）	拉丁文（尖角體活字變體）	拉丁文（尖角活字變體）
Latg	Latg		216		Latin (stumm Gouezeleg)	llatí (variant gaèlica)	Latinka (gaelská varianta)	latinsk (gælisk variant)	Lateinisch (Gälische Variante)		Latin (Gaelic variant)	Latina (irlanda vario)	latino (variante gaélica)			latinalainen (gaelilainen muunnelma)	latin (variante gaélique)	Latino (variante gaélica)		Latin (Kelta változat)	latino (variante gaelic)	Latin (varian Gaelic)	Latína (gelískt tilbrigði)	Latino (variante gaelica)			Lotynų (gėlų variantas)	Latīņu (Gēlu variants)			Latijn (Gaelic-variant)			łaciński gaelicki			Latină (variantă galică)	Гэльская латинская		latinica (gelska)	латиница (галска варијанта)	latinica (galska varijanta)	Latin (gaelisk variant)	ละติน (แบบเกลิก)		латиниця (гельський варіант)	La-tinh (biến thể Xen-tơ)			拉丁文 (蓋爾語變體)
Latn	Latn	اللاتينية	215	Латинска	Latin	llatí	Latinka	latinsk	Lateinisch	Λατινικό	Latin	Latina	latino	ladina	لاتین	latinalainen	latin	Latino	לטינית	Latin	latino	Latin	Latneskt	Latino	ラテン文字	라틴어	Lotynų	Latīņu	ലാറ്റിന്‍	latinsk	Latijn	latinsk	Latin	łaciński	latim	latim	Latină	Латинская	latinské	latinica	латински	latinski	Latin	ละติน	Latin	латиниця	La-tinh	拉丁语	拉丁文	拉丁文
Leke	Leke		364					leke	Leke		Leke						leke																	leke				Леке					Leke			леке				
Lepc	Lepc	الليبتشا - رونج	335		Lepcha (Róng)		Lepčské	lepcha (róng)	Lepcha (Róng)		Lepcha (Róng)	Lepĉa	lepcha (Róng)	leptša		lepchalainen	lepcha (róng)	Lepcha (Róng)		Lepcha (Róng)	lepcha (róng)	Lepcha (Róng)	Lepcha (Róng)	Lepcha (róng)	レプチャ文字 (ロン文字)		Lepcha (Róng)	Lepča (Rōng)		lepcha	Lepcha (Róng)	lepcha (róng)		lepcza (Róng-Ríng)	lepcha	lepcha	Lepcha (Róng)	Лепха		lepška pisava	лепчански (ронг)	lepčanski (rong)	Lepcha (róng)	เลปชา	Lepcha	лепча (ронґ)	Lep-cha (Róng)	雷布查语	雷布查语	雷布查文 (絨文)
Limb	Limb	الليمبو	336		Limbourgeg		Limbu	limbu	Limbu		Limbu	Limbua	limbu	limbu		limbulainen	limbou	Limbu		Limbu	limbu	Limbu	Limbú	Limbu	リンブ文字	림부어	Limbu	Limbu		limbu	Limbu	lumbu	Litua	limbu	limbu	limbu	Limbu	Лимбу		limbuška pisava	лимпшки	limpški	Limbu	ลิมบู	Limbu	лімбу	Lim-bu	林布语	林佈文	林佈文
Lina	Lina	الخطية أ	400		Linenneg A	lineal A	Lineární A	lineær A	Linear A	Γραμμική Α	Linear A	Skribo linia A	lineal A	lineaar-A		lineaari-A	linéaire A	Lineal A		Lineáris A	linear A	Linear A	Línulegt A	Lineare A			Linijinis A	Lineārā A		lineær A	Lineair A	lineær A		linearny A			Grecă lineară A	Линейное письмо А	lineárne písmo A	linearna pisava A	линеарни А	linearni A	Linear A	ลีเนียร์เอ	Lineer A	лінійна писемність A	Tuyến A	线形文字 A	線性文字 A	線性文字 A
Linb	Linb	الخطية ب	401		Linenneg B	lineal B	Lineární B	lineær B	Linear B	Γραμμική Β	Linear B	Skribo linia B	lineal B	lineaar-B		lineaari-B	linéaire B	Lineal B		Lineáris B	linear B	Linear B	Línulegt B	Lineare B	線文字B	선형 문자 B	Linijinis B	Lineārā B		lineær B	Lineair B	lineær B		linearny B	b linear	b linear	Grecă lineară B	Линейное письмо Б	lineárne písmo B	linearna pisava B	линеарни Б	linearni B	Linear B	ลีเนียร์บี	Lineer B	лінійна писемність B	Tuyến B	线形文字 B	線性文字 B	線性文字 B
Lisu	Lisu		399				Lisu (Fraserovo)	lisu (fraser)	Lisu (Fraser)		Lisu (Fraser)	Lisua (Fraser)				lisu	lisu (Fraser)	Lisu (Fraser)		Lisu (Fraser)	lisu (Fraser)	Lisu (Fraser)	Lisu (Fraser)	Lisu (Fraser)				Lisu (Fraser)			Lisu (Fraser)			lisu (Frasera)			Lisu (Fraser)	Лису (алфавит Фрейзера)			лизушки (фразерски)	lizuški (frazerski)	Lisu (fraser)	ลีซอ		лісу (за Фрейзером)	Lisu (Fraser)	老傈僳文 (富能仁)		老傈僳文 (富能仁)
Loma	Loma		437				Loma	loma	Loma		Loma	Loma				loma-kieli	loma	Loma		Loma	loma	Loma	Loma	Loma				Loma			Loma			loma			Loma	Лома			ломски	lomski	Loma			лома				洛馬文
Lyci	Lyci		202		Lisianeg		Lykijské	lykisk	Lykisch		Lycian	Likia	licio			lyykialainen	lycien	Licio		Líciai	lycio	Lycian	Lycian	Licio			Likiečių	Likijas		lykisk	Lycisch	lykisk	Croacia	licyjski	lício	lício	Lyciană	Лициан		licijska pisava	ликијски	likijski	Lykiska	ลิเชีย	Likya Dili	лікійська	Ly-xi	利西亚语		呂基亞文
Lydi	Lydi		116		Lidianeg		Lýdské	lydisk	Lydisch		Lydian	Lidia	lidio			lyydialainen	lydien	Lidio		Lüd	lydio	Lydian	Lydian	Lidio			Lidų	Līdiešu		lydisk	Lydisch	lydisk	Croacia	lidyjski	lídio	lídio	Lidiană	Лидийская		lidijska pisava	лидијски	lidijski	Lydiska	ลิเดีย	Lidya DIli	лідійська	Ly-đi-a	吕底亚语		利底安文
Mahj	Mahj		314					mahajani	Mahajani		Mahajani	Mahajani					mahâjanî			Mahajani	mahajani	Mahajani	Mahajani	Mahajani				Mahajani			Mahajani			mahajani				Махаянская			махџански	mahdžanski	Mahajani	มหาชนี		магаджані				瑪哈賈尼文
Mand	Mand	المانداينية	140		Mandaeg		Mandejské	mandaisk, mandaeansk	Mandäisch		Mandaic, Mandaean	Mandea	mandeo, mandaico	mandea		mandealainen	mandéen	Mandeo, Mandaico		Mandeus, Mandaean	mandaico	Mandaic, Mandaean	Mandaíska, Mandaean	Mandaico, mandeano	マンダ文字		Mandėjų	Mandaic		mandaisk	Mandaeans	mandaisk		mandejski	mandaico	mandaico	Mandaică, Mandaeană	Мандейская		mandanska pisava	мандски, мандаински	mandski, mandainski	Mandeiska	มันดาอิก, มันเดียน	Mandaean	мандейська	Man-đaíc	阿拉米语	阿拉米语	曼底克文
Mani	Mani	المانداينية	139		Manikeaneg	maniqueu	Manichejské	manichaeansk	Manichäisch		Manichaean	Maniĥea	maniqueo	mandea		manikealainen	manichéen	Maniqueo		Manichaean	manicheo	Manichaean	Manichaískt	Manicheo	マンダ文字		Manichėjų	Maniheistas		mandaisk	Manichaeans	mandaisk		manichejski	mandaico	mandaico	Maniciană	Манихейская		manihejska pisava	манишки	maniški	Manikeism	แมนิคีอัน	Mandaean	маніхейська	Ma-ni-chi-a	摩尼语	阿拉米语	摩尼教文
Marc	Marc		332				Džürčenské	marchen	Marchen		Marchen	Jurchen				Džurtšen	marchen			Jurchen	jurchen	Jurchen	Jurchen	Jurchen				Jurčen			Jurchen			marchen				Марченский			јурченски	jurčenski	Marchen			марчен				女真文
Maya	Maya	المايا الهيروغليفية	090	Майски йероглифи	Hieroglifoù Mayan		Mayské hieroglyfy	mayahieroglyffer	Maya-Hieroglyphen		Mayan hieroglyphs	Majaaj hieroglifoj	jeroglíficos mayas	maaja hieroglüüfkiri	هیروگلیف مایای	maya-hieroglyfit	hiéroglyphes mayas	Xeroglífos Maias		Maja hieroglifák	hieroglyphico mayan	Mayan hieroglyphs	Mayanskt myndletur	Geroglifici maya	マヤ象形文字		Majų hieroglifai	Maiju hieroglifi		maya-hieroglyfer	Mayahiërogliefen	maya-hieroglyfar		hieroglify Majów	hieróglifos maias	hieróglifos maias	Hieroglife maiașe	Майя	mayské hieroglyfické	majevski hieroglifi	мајански хијероглифи	majanski hijeroglifi	Mayahieroglyfer	ไฮโรกลิฟมายา	Maya Hiyeroglifleri	ієрогліфи майя	Ma-ya viết tượng hình	玛雅圣符文	玛雅圣符文	馬雅語象形文字
Mend	Mend		438					mende kikakui	Mende Kikakui		Mende Kikakui						mendé kikakui			Mende Kikakui		Mende Kikakui	Mende Kikakui	Mende kikakui				Mendu Kikakui			Mende Kikakui			mende, ki-ka-ku				Менде Кикакуи			мендски кикакуи	mendski kikakui	Mende	เมนดี		кікакуї (менде)				
Merc	Merc	الميرويتيك	101		Meroiteg		Meroitické psací	kursiv meroitisk	Meroitisch kursiv		Meroitic Cursive	Meroa kursiva	meroítico	meroe		meroiittinen kursiivi	cursif méroïtique	Meroítico cursivo		Meroita dőlt	cursiva meroitic	Kursif Meroitic	Meríótískt skriftletur	Meroitico corsivo	メロエ文字		Meroitų	Meroitikas kursīva		meroitisk	Meroïtisch cursief	meroitisk		kursywa meroicka	meroítico	meroítico	Meroitică cursivă	Мероитская курсивная		meroitska pisava	мероитски курзив	meroitski kurziv	Meroitisk kursiv	เมโรอิติกแบบตัวเขียนต่อเชื่อม	Meroitik	мероїчна (курсивна)	Me-rô-i-tíc	麦若提克文	麦若提克文	麥羅埃語草寫
Mero	Mero	الهيروغليفية	100	Египетски йероглифи	Hieroglifoù Ejipt		Meroitické hieroglyfy	meroitiske hieroglyffer	Meroitische Hieroglyphen	Αιγυπτιακά Ιερογλυφικά	Meroitic Hieroglyphs	Merotaj hieroglifoj	jeroglíficos egipcios	egiptuse hieroglüüfkiri	هیروگلیف مصری	meroiittiset hieroglyfit	hiéroglyphes méroïtiques	Xerogrlífos meroíticos	כתב חרטומים	Meroita hieroglifák	hieroglyphico meroitic	Hieroglif Meroitik	Meríótískt myndletur	Geroglifici meroitici	エジプト聖刻文字		Egipto hieroglifai	Meroitikas hieroglifu		egyptiske hieroglyfer	Meroïtische hiërogliefen	egyptiske hieroglyfar		hieroglify meroickie	hieróglifos egípcios	hieróglifos egípcios	Meroitică hieroglifică	Мероитская иероглифическая	Egyptské hieroglyfické	egipčanska hieroglifna pisava	мероитски хијероглифи	meroitski hijeroglifi	Meroitiska hieroglyfer	เมโรอิติกแบบไฮโรกลิฟ	Mısır Yazısı - Hiyeroglif	мероїтська (ієрогліфічна)	Ai Cập viết tượng hình	麦罗埃文	古埃及象形文	麥羅埃語象形文字
Mlym	Mlym	الماليالام	347		Malayalameg		Malajálamské	malayalam	Malaysisch	Μαλαϊκό	Malayalam	Malajala	malayálam	malajalami	مالایالامی	malajalamilainen	malayâlam	Malaiala		Malajálam	malayalam	Malayalam	Malayanskt	Malayalam	マラヤーラム文字	말라얄람어	Malajų	Malajalu	മലയാളം	malayalam	Malayalam	malayalam	Malayalam	malajalam	malaiala	malaiala	Malaialamă	Малаяльская		malajalska pisava	малајалски	malajalski	Malayalam	มลยาฬัม	Malayalam	малаялам	Mã Lai	马拉亚拉姆语	馬來亞拉姆文	馬來亞拉姆文
Modi	Modi		324					modi, modī	Modi, Moḍī		Modi, Moḍī						modî			Modi, Moḍī		Modi, Moḍī	Modi, Moḍī	Modi, Moḍī				Modi			Modi, Moḍī			modi				Моди			модски	modski	Modi	โมฑี		моді				
Mong	Mong	المغولية	145	Монголска	Mongoleg	mongol	Mongolské	mongolsk	Mongolisch	Μογγολικό	Mongolian	Mongola	mongol	mongoli	مغولی	mongolilainen	mongol	Mongol	מונגולית	Mongol	mongolico	Mongolia	Mongólskt	Mongolo	モンゴル文字	몽골어	Mongolų	Mongoļu	മംഗോളിയന്‍	mongolsk	Mongools	mongolsk	Mongolian	mongolski	mongol	mongol	Mongolă	Монгольская		mongolska pisava	монголски	mongolski	Mongoliska	มองโกเลีย	Moğolca	монгольська	Mông Cổ	蒙古语	蒙古文	蒙古文
Moon	Moon		218		Skritur Moon		Moonovo	moon (moonkode, moonskript, moontype)	Moon (Moon-Code, Moon-Alphabet)		Moon (Moon code, Moon script, Moon type)	Kodo de Moon	Moon (código Moon, alfabeto Moon, tipo de letra Moon)			Moon-kohokirjoitus	écriture Moon	Moon (código moon, alfabeto moon, tipo de letra moon)		Moon (Moon kód, Moon szkript, Moon típus)	typo de litteras Moon	Moon (Moon code, Moon script, Moon type)	Moon (Moon kóði, Moon skrift, Moon letur)	Moon (codice moon, scrittura moon, tipo moon)			Moon (Moon kodas, Moon raštas, Moon tipografija)	Mūna raksts			Moon (Moon code, Moon script, Moon type)			Moona			Moon (cod Moon, scriere Moon, caractere Moon)	Азбука Муна		Moonova pisava	мунски (мун код, мун спис, мун врста)	munski (mun kod, mun spis, mun vrsta)	Moon (Moon-kod, Moon-skript, Moon-typ)			місячна (місячний код, місячна писемність, місячні знаки)	Moon (mã Moon, chữ viết Moon, chữ in Moon)	月亮		蒙氏點字
Mroo	Mroo		199				Mro, Mru	mro, mru	Mro, Mru		Mro, Mru	Mro, Mru				Mro, Mru	mru			Mro, Mru	mro	Mro, Mru	Mro, Mru	Mro, mru				Mro, Mru			Mro, Mru			mru				Мро			мрошки	mroški	Mro, mru	มรู		мро, мру				姆盧文
Mtei	Mtei		337		Meitei Mayek (Meithei, Meetei)		Manipurské (Meitei Mayek)	meitei mayek (meithei, meetei)	Meitei Mayek (Meithei, Meetei)		Meitei Mayek (Meithei, Meetei)	Manipura	Meitei Mayek (Meithei, Meetei)			meitei (meitei mayek)	meitei mayek	Meitei Mayek (Meithei, Meetei)		Meitei Mayek (Meithei, Meetei)	meitei mayek	Meitei Mayek (Meithei, Meetei)	Meitei Mayek (Meithei, Meetei)	Meitei mayek (meithei, meetei)			Meitei Mayek (Meithei, Meetei)	Meitei Majek (Meithe, Mētei)			Meitei Mayek (Meithei, Meetei)			manipuri (Meetei Mayek)			Meitei Mayek (Meithei, Meetei)	Манипури		manipurska pisava	мтејшки	mtejški	Meitei mayek (meithei, meetei)	มณีปุรี (ไมไต มาเยก)		мейтей маєк	Mei-tei May-ek (Meithei, Meetei)	曼尼普尔字母		曼尼普爾文
Mult	Mult		323					multani	Multani		Multani						multanî			Multani		Multani	Multani	Multani				Multani			Multani			multani				Мултани			мултски	multski	Multani	มุลตานี		мултані				
Mymr	Mymr		350		Burmeg		Myanmarské (barmské)	myanmarsk (burmesisk)	Myanmar (Burmesisch)		Myanmar (Burmese)	Birma	Myanmar (birmano)			myanmarilainen (burmalainen)	birman	Myanmar (birmano)		Mianmar (Burmai)	myanmar (birmano)	Myanmar (Burma)	Mjanmar (búrmíska)	Myanmar (birmano)			Mianmaro (Birmos)	Birmiešu			Birmees			birmański			Birmaneză	Майанмарская		burmanska pisava	бурмански	burmanski	Myanmar (burmesiska)	พม่า		м’янманська	Miến Điện	缅文		緬文
Narb	Narb		106				Starověké severoarabské	gammelt nordarabisk (historisk nordarabisk)	Alt-Nordarabisch (Antikes Nordarabisch)		Old North Arabian (Ancient North Arabian)	Malnova nord-araba				vanha pohjoisarabia (muinainen pohjoisarabia)	nor-arabien	Árabe antigo do norte		Régi északi arab (Ősi északi arab)	ancian arabe del nord	Arab Selatan Lama (Arab Selatan Kuno)	Gömul norður-arabíska (Forn norður-arabíska)	Antico arabo del Nord				Vecā Ziemeļarābijas (Senais Ziemeļarābijas)			Oud-Noord-Arabisch			dawny północnoarabski			Nord-arabă veche (Nord-arabă antică)	Северноаравийская			стари северноарапски	stari severnoarapski	Äldre nordarabiska (uråldrig nordarabiska)	อาระเบียเหนือโบราณ		давня північноарабська				舊北方阿拉伯文 (古代北阿拉伯文)
Nbat	Nbat		159				Nabataeanské	nabateisk	Nabatäisch		Nabataean	Nabatea				nabatea	nabatéen	Nabateo		Nabateus	nabatean	Nabataean	Nabatískt	Nabataean				Nabateja			Nabatees			nabatejski			Nabateană	Набатейская			набатаински	nabatainski	Nabatéiska	นาบาเทีย		набатейська				納巴泰文
Newa	Newa		333					newa, newar, newari, nepāla lipi	Newari		Newa, Newar, Newari, Nepāla lipi						newa, newar, newari, lipi du Népal																	newarski, newari, newa				Неварский					Newa, Newar, Newari, Nepāla lipi			неварська				
Nkgb	Nkgb		420				Nakhi Geba ('Na-'Khi Ggŏ-baw, Naxi Geba)	nakhi geba ('na-'khi ²ggŏ-¹baw, naxi geba)	Nakhi Geba ('Na-'Khi ²Ggŏ-¹baw, Naxi Geba)		Nakhi Geba ('Na-'Khi ²Ggŏ-¹baw, Naxi Geba)	Naka Geba				nakhi geba	nakhi gueba	Nakhi Geba ('Na-'Khi ²Ggŏ-¹baw, Naxi Geba)		Nakhi Geba ('Na-'Khi ²Ggŏ-¹baw, Naxi Geba)	nakhi geba	Nakhi Geba ('Na-'Khi ²Ggŏ-¹baw, Naxi Geba)	Nakhi Geba ('Na-'Khi ²Ggŏ-¹baw, Naxi Geba)	Nakhi geba ('Na-'Khi ²Ggŏ-¹baw, Naxi Geba)				Nakī Gebas			Nakhi Geba ('Na-'Khi ²Ggŏ-¹baw, Naxi Geba)			geba ('Na-'Khi ²Ggŏ-¹baw, naxi geba)			Nakhi Geba ('Na-'Khi ²Ggŏ-¹baw, Naxi Geba)	Наси (геба)			наки гебски	naki gebski	Nakhi Geba ('na-'khi ²ggŏ-¹baw, naxi geba)			нахі геба	Nakhi Geba ('Na-'Khi ²Ggŏ-¹baw, Naxi Geba)	纳西哥巴文		納西格巴文
Nkoo	Nkoo	انكو	165		Skritur nkoek		N’Ko	n'ko	N’Ko		N’Ko	Skribo N'Ko	N'Ko	nkoo		n'ko	n’ko	N'Ko		N’Ko	n’ko	N’Ko	N’Ko	N'ko			N’Ko	N-ko		n'ko	N’Ko	n'ko		n’ko	n'ko	n'ko	N’Ko	Нко			нкоски	nkoski	N’Ko	เอ็นโก	N’Ko	н’ко	N’Ko	N’Ko（西非书面语言）		西非書面文
Nshu	Nshu		499				Nüshu	nüshu	Nüshu		Nüshu	Nüshu				Nüshu	nüshu			Nüshu	nüshu	Nüshu	Nüshu	Nüshu				Njūšu			Nüshu			nüshu				Нюй-шу			нишуски	nišuski	Nüshu			нюй-шу				女書文字
Ogam	Ogam	الأوجهام	212		Ogham		Ogham	ogham	Ogham		Ogham	Ogama	ogham	ogam		ogam	ogam	Ogham		Ogham	ogam	Ogham	Ógam	Ogham	オガム文字		Ogham	Ogamiskais raksts		ogham	Ogham	ogham		ogamiczny	ogâmico	ogâmico	Ogham	Огамическая		ogamska pisava	огамски	ogamski	Ogham	ออกัม	Ogham	огам	Ogam	欧甘语	歐甘文	歐甘文
Olck	Olck		261		Ol Chiki (Ol Cemet’, Ol, Santali)		Ol Chiki (Ol Cemet’, Ol, Santali)	ol chiki (ol cemet’, ol, santali)	Ol Chiki (Ol Cemet’, Ol, Santali)		Ol Chiki (Ol Cemet’, Ol, Santali)	Santala	Ol Chiki (Ol Cemet', Ol, Santali)			ol chiki	ol tchiki	Ol Chiki (Ol Cemet', Ol, Santali)		Ol Chiki (Ol Cemet’, Ol, Santali)	ol chiki	Ol Chiki (Ol Cemet’, Ol, Santali)	Ol Chiki (Ol Cemet’, Ol, Santali)	Ol chiki (ol cemet’, ol, santali)			Ol Chiki (Ol Cemet’, Ol, Santali)	Ol čiki			Ol Chiki (Ol Cemet’, Ol, Santali)			santaki (Ol Chiki, Ol Cemet)			Ol Chiki (Ol Cemet’, Ol, Santali)	Ол Чики			ол чикишки	ol čikiški	Ol Chiki (ol cemet’, ol, santali)	โอล จิกี (สันถาลี)		ол чікі	Ol Chiki (Ol Cemet’, Ol, Santali)			桑塔利文
Orkh	Orkh		175				Staroturkické, orchonské runové	Oldtyrkisk, Orkhonruner	Alttürkisch (Orchon-Runen)		Old Turkic, Orkhon Runic	Malnova tjurka				vanha turkki, riimu-orkhon	orkhon	Turco antigo, Orkhon Rúnico		Régi török, Orkon rúnák	orkhon runic	Turkic Kuno, Runic Orkhon	Forn-tyrkneskt, Orkhon rúnir	Turco antico, orkhon runico				Senais Turku, Orkhonas Runika			Oud Turks, Orkhon runen			staroturecki, orchoński runiczny			Turcă veche, Orkhon Runic	Древнетюркская, Орхонская руническая			старотурски, орконске руне	staroturski, orkonske rune	Äldre turkiska, orchonskrift	เตอร์กิกเก่า, รูนิกออร์คอน		давня турецька, орхонська		鄂尔浑文字		古突厥語，鄂爾渾文古代北歐文字
Orya	Orya	الأوريا	327		Oriyeg	oriya	Urijské	oriya	Oriya		Oriya	Orisa	oriya	oria	اوریه‌ای	orijalainen	oriyâ	Orixa		Orija	oriya	Oriya	Oryanskt	Oriya	オリヤー文字	오리야어	Oriya	Oriju	ഒറിയ	oriya	Oriya	oriya	Oriyà	orija	oriya	oriya	Oriya	Ория		orijska pisava	оријски	orijski	Oriya	โอริยา	Oriya	орія	O-ri-a	奥里亚语	歐利亞文	歐利亞文
Osge	Osge		219					osage	Osage		Osage						osage																	osage				Оседжи					Osage			осейдж				
Osma	Osma	الأوسمانيا	260		Osmanieg		Osmanské	osmannisk	Osmanisch		Osmanya	Somalia skribo	osmaniya	osmanja		osmanjalainen	osmanais	Osmaniya		Szomáli	osmanya	Osmanya	Ósmanskt	Osmanya	オスマニア文字	오스만야어	Osmanų	Osmaņu		osmanya	Osmanya	osmanya		osmanija	osmania	osmania	Osmanya	Османская			османски	osmanski	Osmanja	ออสมันยา	Osmanya	османья	O-x-man-i-a	奥斯曼亚语	歐斯曼亞文	歐斯曼亞文
Palm	Palm		126				Palmýrské	palmyrensk	Palmyrenisch		Palmyrene	Palmira				palmyra	palmyrénien	Palmyrene		Palmyrene	palmyraniano	Palmyrene	Palmýrenska	Palmyrene				Palmjrena			Palmyreens			palmyreński			Palmyrene	Пальмирская			палмски	palmski	Palmyrene	พัลไมรีน		пальмірська				帕米瑞拉文字
Pauc	Pauc		263					pau cin hau	Pau Cin Hau		Pau Cin Hau						paou chin haou			Pau Cin Hau		Pau Cin Hau	Pau Cin Hau	Pau cin hau				Pau cin hau			Pau Cin Hau			Pau Cin Hau				Пау Син Хау			паушинхаушки	paušinhauški	Pau cin hau	เป่าจิ้นห่าว		по-чжин-хо				
Perm	Perm	البيرميكية القديمة	227		Permieg kozh		Staropermské	oldpermisk	Altpermisch		Old Permic	Malnova perma	pérmico antiguo	vanapermi		muinaispermiläinen	ancien permien	Pérmico antigo		Régi permi	ancian permico	Permic Lama	Forn-permíska	Permico antico			Senasis Permės	Vecā Permijas		gammelpermisk	Oudpermisch	gammalpermisk		staropermski			Permică veche	Древнепермская			старопермски	staropermski	Fornpermiska	เปอร์มิกโบราณ	Eski Permic	давня пермська	Pơ-míc cũ	古彼尔姆诸语	古彼爾姆諸文	古彼爾姆諸文
Phag	Phag	الفاجسبا	331		Phagspa		Phags-pa	phags-pa	Phags-pa		Phags-pa	Skribo de Phagspa	passepa (hor gsar yi)	phags-pa		phags-pa	’phags pa	passepa (hor gsar yi)		Phags-pa	phags pa	Phags-pa	Phags-pa	Phags-pa	パスパ文字		Fags-pa	Phags-pa		phags-pa	Phags-pa	phags-pa		phags-pa	phags-pa	phags-pa	Phags-pa	Пагспа			фагспашки	fagspaški	Phags-pa	ผัคสปะ	Phags-pa	фагс-па	Pha-g-x-pa	八思巴文	八思巴文	八思巴文
Phli	Phli		131		Skritur Pahlavi		Pahlavské klínové	inskriptionspahlavisk	Inskriptionales Pahlavi		Inscriptional Pahlavi	Gravura palava				kaiverrettu pahlavi	pehlevi des inscriptions	Pahlavi Inscricional		Feliratos pahlavi	pahlavi de inscriptiones	Inscriptional Pahlavi	Pahlavi skrift	Iscrizioni pahlavi			Inskripcinis Pahlavi	Uzrakstu Pehlevi			Inscriptie Pahlavi			pahlawi inskrypcyjny			Pahlavi inscripțională	Пахлави в надписях			посветни палавски	posvetni palavski	Inskriptionell pahlavi	พาลาวีจารึก		інскрипційна пехлеві	Pa-la-vi câu viết			巴拉維碑銘體
Phlp	Phlp		132		Pahlavi ar saoterien		Pahlavské žalmové	psalter pahlavi	Pahlavi-Psalter		Psalter Pahlavi	Psalma palava				psalmipahlavi	pehlevi des psautiers	Psalter Pahlavi		Zsoltáros pahlavi	pahlavi de psalterios	Psalter Pahlavi	Psalter Pahlavi	Psalter phalavi			Psalminis Pahlavi	Psalmu Pehveli			Psalmen Pahlavi			pahlawi psałterzowy			Psalter Pahlavi	Пахлави псалтирная		psalmski pahlavi	псалтирски палавски	psaltirski palavski	Psaltaren-pahlavi	พาลาวีเพลงสวด		псалтирськ пехлеві	Pa-la-vi sách thánh ca			巴拉維聖詩體
Phlv	Phlv		133		Pahlavi al levrioù		Pahlavské knižní	book pahlavi	Pahlavi (Mittelpersisch)		Book Pahlavi	Libra palava	Pahlavi de libro			kirjapahlavi	pehlevi des livres	Pahlavi de libro		Könyv pahlavi	pahlavi de libros	Book Pahlavi	Bóka-pahlavi	Book pahlavi			Knyginis Pahlavi	Grāmatu Pahlvi			Book Pahlavi			pahlawi książkowy			Pahlavi carte	Пахлави книжная		knjižni pahlavi	књишки палавски	knjiški palavski	Bok-pahlavi	พาลาวีหนังสือ		книжкова пехлеві	Pa-la-vi sách			巴拉維書體
Phnx	Phnx	الفينيقية	115		Fenikianeg	fenici	Fénické	fønikisk	Phönizisch	Φοινικικό	Phoenician	Fenica	fenicio	foiniikia	فنیقی	foinikialainen	phénicien	Fenicio	פיניקי	Föníciai	phenicio	Phoenician	Fönikískt	Fenicio	フェニキア文字		Finikiečių	Feniķiešu		fønikisk	Foenicisch	fønikisk	Eslòvian	fenicki	fenício	fenício	Feniciană	Финикийская	fénické	feničanska pisava	феничански	feničanski	Feniciska	ฟินิเชียน	Fonetik	фінікійська	Phi-ni-xi	腓尼基语	腓尼基文	腓尼基文
Piqd	Piqd		293					klingon (KLI pIqaD)	Klingonisch (KLI pIqaD)		Klingon (KLI pIqaD)						klingon (KLI pIqaD)																	klingoński (pIqaD)				Клингонский					Klingonska (KLI pIqaD)			клінгонська				
Plrd	Plrd		282				Pollardovo fonetické	miao (pollard)	Miao (Pollard)		Miao (Pollard)	Miaa (Pollard)				Pollardin foneettinen	miao (Pollard)	Miao (Polaco)		Miao (Pollard)	miao (Pollard)	Miao (Pollard)	Miao (Pollard)	Miao (Pollard)				Miao (Pollardas)			Miao (Pollard)			miao (Pollarda)			Miao (Pollard)	Мяо (письмо Полларда)		Pollardova pisava	мјаошки (полард)	mjaoški (polard)	Miao (pollard)	ม้ง (พอลลาร์ด)		мяо (за Поллардом)	Miao (Pollard)	波拉德音标文字		苗文 (柏格理拼音符)
Prti	Prti	الهان التقليدية	130	Традиционен китайски	Skridur Parsia		Parthské klínové	inskriptionsparthiansk	Inskriptionales Parthisch	Κινεζικό Παραδοσιακό	Inscriptional Parthian	Gravura parta		hiina traditsiooniline	هان سنتی	kaiverrettu parthialainen	parthe des inscriptions	Parthian inscricional	האן מסורתי	Feliratos pártus	partho de inscriptiones	Inscriptional Parthian	Parthian skrift	Iscrizioni parto	繁体字	중국어 번체	Inskripcinis partų	Uzrakstu Partiešu		tradisjonell han	Inscriptie Parthian	tradisjonell kinesisk		partyjski inskrypcyjny	han tradicional	han tradicional	Parthian inscripțională	Парфянский в надписях			посветни парћански	posvetni parćanski	Inskriptionell parthiska	พาร์เทียจารึก	Geleneksel Han	інскрипційна парфянська	Pa-thi xư câu viết	繁体中文	繁體中文	帕提亞碑銘體
Qaaa	Qaaa		900		Implijadur prevez (da gentañ)		Rezervované pro soukromé použití (začátek)	reserveret til privat brug (start)	Für private Nutzung reserviert (Beginn)		Reserved for private use (start)	Rezervita por privata uzado (komenco)	reservado para uso privado (inicio)			varattu yksityiseen käyttöön (alku)	réservé à l’usage privé (début)	Reservado para uso privado (inicio)		Magánjellegű használatra foglalt (kezdet)	reservate pro uso private (initio)	Disimpan untuk penggunaan pribadi (awal)	Frátekið fyrir staðbundna notkun (upphaf)	Riservato per uso privato (inizio)			Rezervuota asmeniniam naudojimui (pradžia)	Rezervēts privātai lietošanai (sākums)			Gereserveerd voor privégebruik (begin)			zarezerwowany do użytku prywatnego (początek)			Rezervat pentru utilizare privată (început)	Зарезервировано для частного использования (начало)		rezervirano za zasebno rabo (začetek)	резервисано за личну употребу (почетак)	rezervisano za ličnu upotrebu (početak)	Reserverad för privat användning (start)	สงวนสำหรับการใช้งานเอกชน (เริ่ม)		зарезервовано для приватного використання (початок)	Dành để sử dụng riêng (đầu)	留作个人使用 (开始)		保留給私人使用 (開始)
Qabx	Qabx		949		Implijadur prevez (echu)		Rezervované pro soukromé použití (konec)	reserveret til privat brug (slut)	Für private Nutzung reserviert (Ende)		Reserved for private use (end)	Rezervita por privata uzado (fino)	reservado para uso privado (final)			varattu yksityiseen käyttöön (loppu)	réservé à l’usage privé (fin)	Reservado para uso privado (final)		Magánjellegű használatra foglalt (vége)	reservate pro uso private (fin)	Disimpan untuk penggunaan pribadi (akhir)	Frátekið fyrir staðbundna notkun (endir)	Riservato per uso privato (fine)			Rezervuota asmeniniam naudojimui (pabaiga)	Rezervēts privātai lietošanai (beigas)			Gereserveerd voor privégebruik (einde)			zarezerwowany do użytku prywatnego (koniec)			Rezervat pentru utilizare privată (sfârșit)	Зарезервировано для частного использования (конец)		rezervirano za zasebno rabo (konec)	резервисано за личну употребу (крај)	rezervisano za ličnu upotrebu (kraj)	Reserverad för privat användning (slut)	สงวนสำหรับการใช้งานเอกชน (จบ)		зарезервовано для приватного використання (кінець)	Dành để sử dụng riêng (cuối)	留作个人使用 (结束)		保留給私人使用 (結束)
Rjng	Rjng		363		Rejang		Rejang (Redjang, Kaganga)	rejang (redjang, kaganga)	Rejang (Redjang, Kaganga)		Rejang (Redjang, Kaganga)	Reĝanga				rejang	redjang (kaganga)	Rejang (redjang, kaganga)		Rejang (Redjang, Kaganga)	rejang (kaganga)	Rejang (Redjang, Kaganga)	Rejang (Redjang, Kaganga)	Rejang (redjang, kaganga)			Rejang, Redjang, Kaganga	Rejangas (Redžangas, Kagangas)			Rejang (Redjang, Kaganga)			reddżang			Rejang (Redjang, Kaganga)	Реджанг (каганга)			реџаншки	redžanški	Rejang (redjang, kaganga)	เรอจัง		реджангська	Rejang (Redjang, Kaganga)			勒姜文
Roro	Roro	رنجورنجو	620		Rongorongo		Rongorongo	rongo-rongo	Rongorongo		Rongorongo	Rongorongo		rongorongo		rongorongo	rongorongo	Rongorongo		Rongorongo	rongorongo	Rongorongo	Rongorongo	Rongorongo	ロンゴロンゴ文字		Rongorongo	Rongorongo		rongorongo	Rongorongo	rongorongo		rongo-rongo	rongorongo	rongorongo	Rongorongo	Ронго-ронго	rongorongo	rongorongo	ронгошки	rongoški	Rongo-rongo	รองโกรองโก	Rongorongo	ронгоронго	Ron-gô-ron-gô	朗格朗格文	朗格朗格文	朗格朗格象形文字
Runr	Runr	الرونى	211	Руническа	Runek		Runové	runer	Runenschrift		Runic	Runa	rúnico	ruunikiri	رونی	riimukirjoitus	runique	Rúnico	רוני	Rúnák	runico	Runic	Rúnaletur	Runico	ルーン文字	룬 문자	Runų	Rūnu raksts		runer	Runen	runer	Runic	runiczny	rúnico	rúnico	Runică	Руническая		runska pisava	рунски	runski	Runor	รูนิก	Runik	рунічна	Chữ Run	古代北欧文	古北歐文字	古代北歐文字
Samr	Samr		123		Hebraeg ar Samaritaned		Samaritánské	samaritansk	Samaritanisch		Samaritan	Samaria				samarialainen	samaritain	Samaritano		Szamaritánus	samaritano	Samaritan	Samarískt	Samaritano			Samariečių	Samārijas			Samaritaans		Serbian	samarytański			Samariteană	Самаритянская		samaritanska pisava	самарићански	samarićanski	Samariska	สะมาเรีย		самаритянська	Xa-ma-ri	撒玛利亚字母		撒瑪麗亞文
Sara	Sara	الساراتى	292		Sarati		Sarati	sarati	Sarati		Sarati	Sarata (Tolkien)		sarati		sarati	sarati	Sarati		Szarati	sarati	Sarati	Saratískt	Sarati	サラティ文字		Sarati	Sarāti		sarati	Sarati	sarati		sarati	sarati	sarati	Sarati	Сарати		saratska pisava	саратишки	saratiški	Sarati	ซาราทิ	Sarati	сараті	Xa-ra-ti	沙拉堤文	沙拉堤文	沙拉堤文
Sarb	Sarb	المجرية القديمة	105		Henhungareg		Starojihoarabské	oldsydarabisk	Alt-Südarabisch		Old South Arabian	Malnova sud-araba	húngaro antiguo	vanaungari	مجاری باستان	vanha etelä-arabia	sud-arabique, himyarite	Árabe antigo do sur	הונגרית עתיקה	Régi déli arab	ancian arabe del sud	Arab Selatan Kuno	Forn suður-arabíska	Arabo antico del Sud	古代ハンガリー文字	고대 헝가리 문자	Senasis vengrų	Senā dienvidarābu		gammelungarsk	Oud-Zuid-Arabisch	gammalungarsk		staro-południowo-arabski	húngaro antigo	húngaro antigo	Sud-arabă veche	Древний южноаравийский		madžarske rune	стари јужноарапски	stari južnoarapski	Fornsydarabiska	อาระเบียใต้โบราณ	Eski Macarca	давня південноарабська	Hun-ga-ri cũ	古匈牙利语	古匈牙利文	舊南方阿拉伯文
Saur	Saur		344		Saurashtra		Sauráštra	saurashtra	Saurashtra		Saurashtra	Saŭraŝtra				saurashtra	saurachtra	Saurashtra		Saurashtra	saurachtra	Saurashtra	Saurashtra	Saurashtra			Saurashtra	Saurashtra	സൌരാഷ്ട്ര	saurashtra	Saurashtra	saurashtra		sourasztra	saurashtra	saurashtra	Saurashtra	Саураштра			саурашки	sauraški	Saurashtra	เสาราษฎร์	Saurashtra	саураштра	Xau-ra-s-tợ-ra			索拉什特拉文
Sgnw	Sgnw		095		Sinskridur		Znakovací	tegnskrift	Gebärdensprache		SignWriting	Gestoskribo	SignWriting			merkkikirjoitus	SignÉcriture, SignWriting	SignWriting (escrita xestual)		Jelírás	SignWriting (scriptura de gestos)	TandaTulisan	Táknskrift	Lingua dei segni			Ženklų raštas	Zīmju rakstība		tegnskrift	Gebarentaal	teiknskrift		znakowy	signwriting	signwriting	SignWriting	Язык знаков			знаковно писмо	znakovno pismo	SignWriting	การเขียนภาษามือ	İşaret Dili Yazımı	письмо жестів	Viết ước hiệu			手語符號
Shaw	Shaw	الشوانى	281		shavianeg (Shaw)		Shaw	shavisk (shaw)	Shaw-Alphabet		Shavian (Shaw)	Ŝava (Shaw)	shaviano	Shaw tähestik	شاوی	shaw’lainen	shavien (Shaw)	shaviano		Shaw-i (Shaw)	shaviano (Shaw)	Shavian (Shaw)	Shavíska (Shaw)	Shaviano (shaw)	ショー文字	샤비안어	Šo	Šavu		shavisk	Shavian (Shaw)	shavisk		shawa	shaviano	shaviano	Shavian (Shaw)	Алфавит Шоу		šojevska pisava	шавјански	šavjanski	Shavian (shaw)	เชเวียน (ชอว์)	Shavian	шавіанська (Шоу)	Sa-vi (Shaw)	萧伯纳式语	簫柏納字符	蕭伯納字母
Shrd	Shrd		319				Šáradá (Śāradā)	sharada, sāradā	Sharada, Śāradā		Sharada, Śāradā	Ŝarada				Sharada, Śāradā	charada, sharda			Sharada, Śāradā	charada	Sharada, Śāradā	Sharada, Śāradā	Sharada, Śāradā				Šāradā			Sharada, Śāradā			śarada				Шарадская			шарадски	šaradski	Sharada, śāradā	ศารทา		шарада				夏拉達文
Sidd	Sidd		302					siddham, siddhaṃ, siddhamātṛkā	Siddham, Siddhaṃ, Siddhamātṛkā		Siddham, Siddhaṃ, Siddhamātṛkā						siddham			Siddham, Siddhaṃ, Siddhamātṛkā		Siddham, Siddhaṃ, Siddhamātṛkā	Siddham, Siddhaṃ, Siddhamātṛkā	Siddham, Siddhaṃ, Siddhamātṛkā				Sidham			Siddham, Siddhaṃ, Siddhamātṛkā			siddham				Сиддхам, сиддхаматрика			сидамски	sidamski	Siddham, siddhaṃ, siddhamātṛkā	สิทธัม, สิทธมาตรกา		сіддхам				
Sind	Sind		318				Sindhské (khudawadi)	khudawadi, sindhi	Khudawadi, Sindhi		Khudawadi, Sindhi	Khudabadi, Sinda				sindhiläinen	khoudawadî, sindhî			Khudawadi, Sindhi	khudawadi, sindhi	Khudawadi, Sindhi	Khudawadi, Sindhi	Sindhi khudawad				Sindi			Khudawadi, Sindhi			sindhi				Худавади, Синдхи			синдишки	sindiški	Khudawadi, sindhi	ขุทาพาที, สินธี		худаваді, сіндхі				信德文
Sinh	Sinh	السينهالا	348		Sinhaleg		Sinhálské	singalesisk	Singhalesisch		Sinhala	Sinhala	binhala	singali	سینهالی	sinhalilainen	singhalais	Sinhala		Szingaléz	singalese	Sinhala	Sinhala	Sinhala	シンハラ文字	신할라어	Singhų	Singāļu	സിംഹള	sinhala	Sinhala	sinhala		syngaleski (sinhala)	cingalês	cingalês	Singaleză	Сингальская		singalska pisava	синхалешки	sinhaleški	Singalesiska	สิงหล	Sinhal	сингалійська	Xin-ha-la	僧伽罗字母	錫蘭文	錫蘭僧加羅字母
Sora	Sora		398				Sora Sompeng	sora sompeng	Sora Sompeng		Sora Sompeng	Sora Sompeng				Sora Sompeng	sora sompeng			Sora Sompeng	sora sompeng	Sora Sompeng	Sora Sompeng	Sora sompeng				Sora Sompeng			Sora Sompeng			sorang sompeng				Сора сомпенг			сора сомпенг	sora sompeng	Sora sompeng	โสรา โสมเปงค์		сора (сомпенг)				索朗桑朋文字
Sund	Sund		362		Soudaneg		Sundánské	sundanesisk	Sundanesisch		Sundanese	Sunda				sundalainen	sundanais	Sundanés		Szundanéz	sudanese	Sunda	Sundaneskt	Sundanese			Sundaniečių	Sundaniešu		sundanesisk	Sundanees	sundanesisk		sundajski	sundanês	sundanês	Sudaneză	Сунданская		sundska pisava	сунданешки	sundaneški	Sundanesiska	ซุนดา	Sunda	сунданська	Xun-đa-ni	巽他文	巽他文	巽丹文
Sylo	Sylo	السيلوتى ناجرى	316		Syloti Nagri		Syloti Nagri	syloti nagri	Syloti Nagri		Syloti Nagri	Sileta		silotinagri		syloti nagri	sylotî nâgrî	Syloti Nagri		Syloti Nagri	syloti nagri	Syloti Nagri	Syloti Nagri	Syloti nagri	シロティ・ナグリ文字		Syloti Nagri	Syloti Nagri raksts		syloti nagri	Syloti Nagri	syloti nagri		syloti nagri	syloti nagri	syloti nagri	Syloti Nagri	Силоти Нагри		silotska pisava	силоти нагри	siloti nagri	Syloti nagri	สิลอฏีนาครี	Syloti Nagri	силоті нагрі	Xi-lô-ti Na-gợ-ri	Syloti Nagri 书写体	Syloti Nagri 书写体	錫爾赫特文
Syrc	Syrc	السريانية	135		Sirieg	siríac	Syrské	syrisk	Syrisch	Συριακό	Syriac	Siria	siríaco	assüüria	سریانی	syyrialainen	syriaque	Siríaco	סורית	Szír	syriaco	Syriac	Sýrlenskt	Siriano	シリア文字	시리아어	Siriečių	Sīriešu	സിറിയക്ക്	syrisk	Syrisch	syriakisk	Serbian	syryjski	siríaco	siríaco	Siriană	Сирийская		sirijska pisava	сиријски	sirijski	Syriska	ซีริแอก	Süryanice	сирійська	Xi-ri	叙利亚语	敍利亞文	敘利亞文
Syre	Syre	السريانية [Syre]	138		Sirieg (Estrangelo)		Syrské (varianta Estrangelo)	syrisk (estrangelovariant)	Syrisch (Estrangelo-Variante)		Syriac (Estrangelo variant)	Siria (estrangela vario)	siríaco (variante Estrangelo)	assüüria estrangelo		syyrialainen (estrangelo-muunnelma)	syriaque (variante estranghélo)	Siríaco (variante Estrangelo)		Szír (Estrangelo változat)	syriaco (variante Estrangelo)	Syriac (varian Estrangelo)	Sýrlenska (Estrangelo tilbrigði)	Siriano (variante estrangelo)	シリア文字 (エストランゲロ文字)	에스트랑겔로식 시리아 문자	Sirų (estrangelo)	Sīriešu (Estrangelo variants)		estrangelosyriakisk	Syrisch (Estrangelo-variant)	syriakisk (estrangelo-variant)		syryjski (estrangela)	siríaco estrangelo	siríaco estrangelo	Siriană (varianta Estrangelo)	Сирийская эстрангело		sirijska pisava (estrangelo)	сиријски (естрангело)	sirijski (estrangelo)	Syriska (estralengo-variant)	ซีริแอก (แบบเอสทรานจีโล)		сирійська (варіант естранґело)	Xi-ri (biến thể Estralengo)			敘利亞文 (福音變體)
Syrj	Syrj		137		Sirieg (Gwalarn)	siríac (variant occidental)	Syrské (západní varianta)	syrisk (vestlig variant)	Syrisch (westliche Variante)		Syriac (Western variant)	Siria (okcidenta vario)	siríaco (variante occidental)			syyrialainen (läntinen muunnelma)	syriaque (variante occidentale)	Siríaco (variante occidental)		Szír (Nyugati változat)	syriaco (variante occidental)	Syriac (varian Barat)	Sýrlenska (vestur-tilbrigði)	Siriano (variante occidentale)			Sirų (vakarietiškas variantas)	Rietumsīriešu			Syrisch (Westerse variant)			syryjski (zachodni)			Siriană (varianta vestică)	Западно-сирийская		sirijska pisava (zahodna)	сиријски (западна варијанта)	sirijski (zapadna varijanta)	Syriska (västarameisk variant)	ซีริแอก (แบบตะวันตก)		сирійська (західний варіант)	Xi-ri (biến thể Tây)			敘利亞文 (西方變體)
Syrn	Syrn		136		Sirieg (Reter)	siríac (variant oriental)	Syrské (východní varianta)	syrisk (østlig variant)	Syrisch (östliche Variante)		Syriac (Eastern variant)	Siria (orienta vario)	siríaco (variante oriental)			syyrialainen (itäinen muunnelma)	syriaque (variante orientale)	Siríaco (variante oriental)		Szír (Keleti változat)	syriaco (variante oriental)	Syriac (varian Timur)	Sýrlenska (austur-tilbrigði)	Siriano (variante orientale)			Sirų (rytietiškas variantas)	Austrumsīriešu			Syrisch (Oosterse variant)			syryjski (wschodni)			Siriană (varianta estică)	Восточно-сирийская		sirijska pisava (vzhodna)	сиријски (источна варијанта)	sirijski (istočna varijanta)	Syriska (östarameisk variant)	ซีริแอก (แบบตะวันออก)		сирійська (східний варіант)	Xi-ri (biến thể Đông)			敘利亞文 (東方變體)
Tagb	Tagb	التاجبانوا	373		Tagbanwa		Tagbanwa	tagbanwa	Tagbanwa		Tagbanwa	Tagbanva	tagbanúa	tagbanwa		tagbanwalainen	tagbanoua	Tagbanúa		Tagbanwa	tagbanwa	Tagbanwa	Tagbanva	Tagbanwa	タグバンワ文字	타반와어	Tagbanwa	Tagbanva		tagbanwa	Tagbanwa	tagbanwa		tagbanwa	tagbanwa	tagbanwa	Tagbanwa	Тагбанва			тагбански	tagbanski	Tagbanwa	ตักบันวา	Tagbanwa	таґбанва	Tac-ba-nouă	塔格班瓦语	南島文	菲律賓塔格板瓦文
Takr	Takr		321				Takri (Ṭākrī, Ṭāṅkrī)	takri, tākrī, tāṅkrī	Takri, Ṭākrī, Ṭāṅkrī		Takri, Ṭākrī, Ṭāṅkrī	Takria				Takri, Ṭākrī, Ṭāṅkrī	tâkrî			Takri, Ṭākrī, Ṭāṅkrī	takri	Takri, Ṭākrī, Ṭāṅkrī	Takri, Ṭākrī, Ṭāṅkrī	Takri, Ṭākrī, Ṭāṅkrī				Takri			Takri, Ṭākrī, Ṭāṅkrī			tankri				Такрийская			такришки	takriški	Takri, Ṭākrī, Ṭāṅkrī	ตากรี		такрі, танкрі				塔卡里文字
Tale	Tale	التاى لى	353		Tai Le		Tai Le	tai le	Tai Le		Tai Le	Tai Le	tai le	tai le		tailelainen	taï-le	Tai Le		Tai Le	tai le	Tai Le	Tai Le	Tai le	タイレ文字	타이 레어	Tai Le	Tai le		tai le	Tai Le	tai le		tai le	tai Le	tai Le	Tai Le	Тайский Ле			талешки	taleški	Tai le	ไทไต้คง	Tai Le	тай лі	Tai Le	泰乐语	泰乐语	德宏傣文
Talu	Talu	التاى لى الجديد	354		Tai Lue nevez		Nové Tai Lue	tai lue	Tai Lue		New Tai Lue	Nova Tai Lue	Tai Lue simplificado	lihtsustatud tai lue		uusi tailuelainen	nouveau taï-lue	Tai Lue simplificado		Új Tai Lue	nova tai lue	Tai Lue Baru	Nýja Tai Lue	Nuovo tai lue	新タイ・ルー文字		Naujas Tai Lue	Jaunais Tai lue		ny tai lue	Nieuw Tai Lue	ny tai lue		nowy tai lue	novo tai lue	novo tai lue	Noul Tai Lue	Новый Тайский Ле			нови талуешки	novi talueški	Ny tai lü	ไทลื้อใหม่	New Tai Lue	нова тай лі	Tai Lue mới		新彝族文	新傣仂文
Taml	Taml	التاميلية	346	Тамилска	Tamileg	tàmil	Tamilské	tamilsk	Tamilisch		Tamil	Tamila	tamil	tamili	تامیل	tamililainen	tamoul	Tamil	טמיל	Tamil	tamil	Tamil	Tamilskt	Tamil	タミール文字	타밀어	Tamilų	Tamilu	തമിഴ്	tamil	Tamil	tamilsk	Tamil	tamilski	tâmil	tâmil	Tamilă	Тамильская		tamilska pisava	тамилски	tamilski	Tamil	ทมิฬ	Tamil	тамільська	Ta-min	泰米尔语	坦米爾文	坦米爾文
Tang	Tang		520				Tangutské	tangut	Tangut		Tangut	Tanguta				tanguutilainen	tangoute			Tangut	tangut	Tangut	Tangút	Tangut				Tanguti			Tangut			tangucki				Тангутская			тангутски	tangutski	Tangut			тангут				西夏文
Tavt	Tavt	التاى لى	359		Tai Viet		Tai Viet	tai viet	Tai Viet		Tai Viet	Tai Viet	tai le	tai le		tai viet	taï viêt	Tai le		Tai Viet	tai viet	Tai Viet	Tai Viet	Tai viet	タイレ文字	타이 레어	Tai Viet	Tai Vetas		tai le	Tai Viet	tai le		tai viet	tai Le	tai Le	Tai Viet	Тайский Вьет			тајвјетски	tajvjetski	Tai viet	ไทเวียด	Tai Le	тай-в’єт	Tai Viet	泰乐语	泰乐语	越南傣文
Telu	Telu	التيلجو	340	Телугу	Telougoueg		Telugské	telugu	Telugu		Telugu	Telugua	telugu	telugu	تلوگویی	telugulainen	télougou	Telugu	טלוגו	Telugu	telugu	Telugu	Telúgú	Telugu	テルグ文字	탤루그어	Telugu	Telugu	തെലുങ്ക്	telugu	Telugu	telugu	Telugu	telugu	télugu	télugu	Telugă	Телугу		teluška pisava	телушки	teluški	Telugu	เตลุคู	Telugu	телугу	Te-lu-gu	泰卢固语	泰魯古文	特拉古文
Teng	Teng	التينجوار	290		Tengwar		Tengwar	tengwar	Tengwar		Tengwar	Tengvara (Tolkien)	tengwar	tengwar		tengwar	tengwar	Tengwar		Tengwar	tengwar	Tengwar	Tengwar	Tengwar	テングワール文字		Tengwar	Tengvaru		tengwar	Tengwar	tengwar		tengwar	tengwar	tengwar	Tengwar	Тенгварская		tengvar	тенгошки	tengoški	Tengwar	เทงกวาร์	Tengwar	тенгварська	Teng-ouă			精靈-談格瓦文
Tfng	Tfng	التيفيناغ - البربر	120		Tifinagh (Skritur Berberek)	tifinagh (berber)	Tifinagh (berberské)	tifinagh (berber)	Tifinagh (Berber)		Tifinagh (Berber)	Tifinaga (berbera)	tifinagh (bereber)	tifinagi		tifinagh	tifinagh (berbère)	Tifinagh (Bereber)		Tifinagh (Berber)	tifinagh (berbero)	Tifinagh (Berber)	Tifinagh (berbneska)	Tifinagh (berbero)	ティフナグ文字 (ベルベル文字)		Tifinagų (berberų)	Tifinaga (Berberu)		tifinagh	Tifinagh (Berbers)	tifinagh (berber)		tifinagh (berberski)	tifinagh	tifinagh	Tifinagh (Berberă)	Древнеливийская	tifinagh	berberska pisava	тифинагошки (берберски)	tifinagoški (berberski)	Tifinagh (berber)	ทิฟินาค (เบอร์เบอร์)	Tifinagh	тіфінаг (берберська)	Ti-phi-nach (Bơ-bơ)			提非納字母 (柏柏爾語)
Tglg	Tglg		370				Tagalské (Baybayin, Alibata)	tagalog (baybayin, alibata)	Tagalog (Baybayin, Alibata)		Tagalog (Baybayin, Alibata)	Tagaloga				tagalogilainen	tagal (baybayin, alibata)	Tagalog (baybayin, alibata)		Tagalog (Baybayin, Alibata)	tagalog (baybayin, alibata)	Tagalog (Baybayin, Alibata)	Tagalog (Baybayin, Alibata)	Tagalog (baybayin, alibata)				Tagalu			Tagalog (Baybayin, Alibata)			tagalski (tagalog)			Tagalog (Baybayin, Alibata)	Тагальская (байбайин, алибата)		tagalog	тагалошки (бајбајински, алибатски)	tagaloški (bajbajinski, alibatski)	Tagalog (baybayin, alibata)			тагальська (байбаїн, алібата)	Tagalog (Baybayin, Alibata)	塔加路语		塔加拉文 (貝貝因字母，濱)
Thaa	Thaa	الثعنة	170		Diveheg	thaana	Thaana	thaana	Thaana		Thaana	Tana	thaana	thaana		thaana	thâna	Thaana		Thaana	thaana	Thaana	Thaanískt	Thaana	ターナ文字	타나어	Thaana	Taana		thaana	Thaana	thaana		thaana	thaana	thaana	Thaana	Таана	tána	maldivska pisava	таански	taanski	Thaana	ทานะ	Thaana	таана	Thă-na	塔安娜语	塔安那文	塔安那文
Thai	Thai	التايلاندية	352	Таи	Tai	tai	Thajské	thailandsk	Thailändisch	Ταϊλανδικό	Thai	Taja	tailandés	tai	تایلندی	thailainen	thaï	Tailandés	תאילנדית	Thai	thailandese	Thai	Taílenska	Tailandese	タイ文字	태국어	Tajų	Taju		thai	Thais	thai	Tailandés	tajski	tailandês	tailandês	Thailandeză	Тайская	thajské	tajska pisava	тајландски	tajlandski	Thailändska	ไทย	Tayca	тайська	Thái	泰语	泰文	泰文
Tibt	Tibt	التبتية	330	Тибетска	Tibeteg	tibetà	Tibetské	tibetanske	Tibetisch	Θιβετιανό	Tibetan	Tibeta	tibetano	tiibeti	تبتی	tiibetiläinen	tibétain	Tibetano	טיבטית	Tibeti	tibetano	Tibet	Tíbetska	Tibetano	チベット文字	티벳어	Tibetiečių	Tibetiešu		tibetansk	Tibettaans	tibetansk	Tibetan	tybetański	tibetano	tibetano	Tibetană	Тибетская	tibetské	tibetanska pisava	тибетски	tibetski	Tibetanska	ทิเบต	Tibetçe	тибетська	Tây Tạng	藏语	西藏文	藏文
Tirh	Tirh		326				Tirhuta	tirhuta	Tirhuta		Tirhuta	Tirhuta				Tirhuta	tirhouta			Tirhuta	tirhuta	Tirhuta	Tirhuta	Tirhuta				Tirhuta			Tirhuta			tirhuta				Тирхутская			тиртски	tirtski	Tirhuta	ติรหุตา		тіргута				邁蒂利文
Ugar	Ugar	الأجاريتيكية	040		Ougariteg	ugarític	Ugaritské	ugaritisk	Ugaritisch		Ugaritic	Ugarita	ugarítico	ugariti		ugaritilainen	ougaritique	Ugarítico	אוגריתית	Ugariti	ugaritico	Ugaritic	Ugaritískt	Ugarito	ウガリト文字	우가릿어	Ugaritic	Ugaritiešu		ugaritisk	Ugaritisch	ugaritisk		ugarycki	ugarítico	ugarítico	Ugaritică	Угаритская	ugaritské klinové	ugaritska pisava	угарски	ugarski	Ugaritiska	ยูการิติก	Ugarit Çivi Yazısı	угаритська	U-ga-ri-ti	乌加里特语	烏加列文	烏加里特楔形文字
Vaii	Vaii	الفاى	470		Vai		Vai	vai	Vai		Vai	Vaja	Vai	vai	ویایی	vailainen	vaï	Vai		Vai	vai	Vai	Vai	Vai	ヴァイ文字		Vai	Vaju		vai	Vai	vai		wai	vai	vai	Vai	Вайская			ваиски	vaiski	Vai	ไว	Vai	вай	Vai			瓦伊文
Visp	Visp	الكلام المرئى	280		Komz a wel	parla visible	Viditelná řeč	synlig tale	Visible Speech		Visible Speech	Videbla parolo	Visible Speech	häälduskiri		näkyvä puhe	parole visible	Locución visíbel		Látható beszéd	parola visibile	Percakapan yang nampak	Sýnilegt tal	Parola visualizzata			Matoma kalba	Redzamā runa		synlig tale	Zichtbare spraak	synleg tale		migowy	visible speech	visible speech	Vorbire vizibilă	Видимая речь			видни говор	vidni govor	Synligt tal		Konuşma Sesleri Çizimlemesi	візуальна мова	Giọng Nói Hiện Rõ			可視語音
Wara	Wara		262				Varang Kshiti	warang citi (varang kshiti)	Warang Citi (Varang Kshiti)		Warang Citi (Varang Kshiti)	Varanga				varang kshiti	warang citi	Warang citi (Varang kshiti)		Warang Citi (Varang Kshiti)	warang citi	Warang Citi (Varang Kshiti)	Warang Citi (Varang Kshiti)	Warang citi (varang kshiti)				Varangas Citi (Varangas Kšiti)			Warang Citi (Varang Kshiti)			warang citi			Warang Citi (Varang Kshiti)	Варанг-кшити (Варанг-сити)			варански (варанг кшити)	varanski (varang kšiti)	Warang citi (varang kshiti)	วรังกษิติ		варанг-кшиті				瓦郎奇蒂文字
Wole	Wole		480				Woleai	woleai	Woleai		Woleai	Woleai				Woleai	woléaï			Woleai	woleai	Woleai	Woleai	Woleai				Voleai			Woleai			woleai				Волеаи			волешки	voleški	Woleai			волеаї				沃雷艾文
Xpeo	Xpeo	الفارسية القديمة	030	Староперсийски	Hen Perseg	persa antic	Staroperské	oldpersisk	Altpersisch		Old Persian	Malnova persa	persa antiguo	vanapärsia	فارسی باستان	muinaispersialainen	cunéiforme persépolitain	Persa antigo	פרסית עתיקה	Óperzsa	cuneiformas persepolitan	Persia Lama	Forn-persneska	Persiano antico	古代ペルシア文字	고대 페르시아 문자	Senoji persų	Senpersu		gammelpersisk	Oudperzisch	gammalpersisk		staroperski	persa antigo	persa antigo	Persană veche	Староперсидская		staroperzijska pisava	староперсијски	staropersijski	Fornpersiska	เปอร์เซียโบราณ	Eski Farsça	давня перська	Ba Tư cũ	古波斯语	古波斯文	古波斯文
Xsux	Xsux		020		Skritur gennheñvel, Sumero-Akkadianeg		Klínové (sumersko-akkadské)	cuneiform, sumero-akkadiansk	Cuneiform, Sumero-Akkadianisch		Cuneiform, Sumero-Akkadian	Kojnoskribo, sumera-akada	cuneiforme, sumerio-acadio			sumerilais-akkadilainen nuolenpääkirjoitus	cunéiforme suméro-akkadien	Cuneiforme, sumerio-acadio		Cuneiform, Sumero-Akkadian	cuneiformas sumer-akkadian	Cuneiform, Sumero-Akkadian	Cuneiform leirtöfluskrift, Súmeró-Akkadísk	Cuneiforme, sumero-accadiano			Dantiraštis (šumerų-akadų)	Šumeru-akadiešu ķīļraksts			Spijkerschrift, Sumerisch-Akkadiaans			klinowy, sumero-akadyjski			Cuneiformă, sumero-acadiană	Шумеро-аккадская клинопись		klinopis, sumersko-akadijski	клинасто писмо, сумерско-акадијски	klinasto pismo, sumersko-akadijski	Kilskrift, sumero-akkadisk	คูนิฟอร์ม, สุเมโร-อัคคาเดียน		клинопис, шумеро-акадська	Chữ hình nêm (Xu-me-rô Ác-ca-đi)			蘇美亞喀得楔形文字
Yiii	Yiii	اليى	460		Yi		Yi	yi	Yi		Yi	Jia	yi	jii	یی	yiläinen	yi	yi		Yi	yi	Yi	Yi	Yi	イ文字	이어	Dži	Ji		yi	Yi	yi		yi	yi	yi	Yi	Йи (ицзу)			јишки	jiški	Yi	อี้	Yi	ї	Yi	彝语	彞文	彝文
Zinh	Zinh		994		Kodoù evit skridur dianav	codi per a alfabets heretats	Zděděná	kode for afsluttet skript	Code für geerbte Schriftsysteme		Code for inherited script	Kodo por heredita skribo	código para alfabeto indeterminado			koodi perityille aakkostoille	codet pour écriture héritée	Código para escrita non herdada		Kód az örökölt szkripthez	codice pro scriptura inherite	Kode untuk skrip yang diwariskan	Kóði fyrir erfða (inherited) skriftu	Codice per scritture ereditate			Kodas nenustatytam raštui	Kods mantotajām rakstībām		Kode for ubestemt skript	Code voor overgeërfd schrift			kod dla pisma dziedziczonego			Cod pentru scriere moștenită	Код для унаследованного письма		koda za podedovano pisavo	код за наслеђене списе	kod za nasleđene spise	Kod för ärvt skriftsystem	รหัสสำหรับอักษรที่สืบทอดคุณสมบัติจากอักขระก่อนหน้า		код для успадкованого запису	Mã cho chữ viết kế thừa	不能确定		繼承文字的編碼
Zmth	Zmth		995		Notadur matematikel	notació matemàtica	Matematický zápis	matematisk notation	Mathematische Notation		Mathematical notation	Matematika notacio	notación matemática			matemaattinen notaatio	notation mathématique	Notación matemática		Matematikai jelölés	notation mathematic	Notasi Matematika	Stærðfræðilegt táknkerfi	Notazione matematica			Matematiniai ženklai	Matemātiskais pieraksts		Matematisk notasjon	Wiskundige notatie			notacja matematyczna			Notație matematică	Математическая запись		matematični zapis	математички запис	matematički zapis	Matematisk notation	สัญกรณ์คณิตศาสตร์		математичні позначення	Cách ghi toán học	数学符号		數學記號
Zsye	Zsye	السريانية [Syre]	993		Sirieg (Estrangelo)		Syrské (varianta Estrangelo)	symboler (emoji-variant)	Symbole (Emoji-Variante)		Symbols (Emoji variant)	Siria (estrangela vario)	siríaco (variante Estrangelo)	assüüria estrangelo		syyrialainen (estrangelo-muunnelma)	symboles (variante emoji)	Siríaco (variante Estrangelo)		Szír (Estrangelo változat)	syriaco (variante Estrangelo)	Syriac (varian Estrangelo)	Sýrlenska (Estrangelo tilbrigði)	Siriano (variante estrangelo)	シリア文字 (エストランゲロ文字)	에스트랑겔로식 시리아 문자	Sirų (estrangelo)	Sīriešu (Estrangelo variants)		estrangelosyriakisk	Syrisch (Estrangelo-variant)	syriakisk (estrangelo-variant)		symbole (emoji)	siríaco estrangelo	siríaco estrangelo	Siriană (varianta Estrangelo)	Символы (вариант эмодзи)		sirijska pisava (estrangelo)	сиријски (естрангело)	sirijski (estrangelo)	Symboler (Emoji-variant)	ซีริแอก (แบบเอสทรานจีโล)		символи (варіант емодзі)	Xi-ri (biến thể Estralengo)			敘利亞文 (福音變體)
Zsym	Zsym	رموز بليس	996		Arouezioù	símbols	Symboly	symboler	Symbole		Symbols	Simboloj	símbolos blis	Blissi sümbolid		symbolit	symboles	Símbolos blis		Szimbólumok	symbolos	Simbol	Tákn	Simboli	ブリスシンボル		Simboliai	Simboli		Symboler	Symbolen	blissymbol	Simbòls	symbole	símbolos bliss	símbolos bliss	Simboluri	Символы		simboli	симболи	simboli	Symboler	สัญลักษณ์	Blis Sembolleri	символи	Ký hiệu	符号	布列斯符号	符號
Zxxx	Zxxx		997		Kodoù evit an dielloù na skrid	codi per a documents no escrits	Nepsané dokumenty	kode for uskrevne dokumenter	Code für ungeschriebene Dokumente		Code for unwritten documents	Kodo por neskribitaj dokumentoj	código para documentos no escritos			koodi kirjoittamattomille asiakirjoille	codet pour les documents non écrites	Código para documentos non escritos		Kód az íratlan dokumentumokhoz	codice pro documentos non scribite	Kode untuk dokumen yang tidak tertulis	Kóði fyrir óskrifuð skjöl	Codice per documenti non scritti			Kodas nerašytiems dokumentams	Kods nerakstītiem dokumentiem		Kode for uskrevne dokumenter	Code voor ongeschreven documenten			kod dla dokumentów niepisanych			Cod pentru documente nescrise	Ненаписанная		koda za nezapisane dokumente	код за неписане документе	kod za nepisane dokumente	Kod för oskrivna dokument	รหัสสำหรับเอกสารที่ไม่มีการเขียน		код для неписемних документів	Mã cho tài liệu không viết	未有文字		非書面文件編碼
Zyyy	Zyyy		998		Kodoù evit skridur dianav	codi per a alfabets no determinats	Obecné	kode for uafsluttet skript	Code für unbestimmte Schriftsysteme		Code for undetermined script	Kodo por nedeterminita skribo	código para alfabeto indeterminado			koodi epäselville aakkostoille	codet pour écriture indéterminée	Código para escrita non determinada		Kód a meghatározatlan szkripthez	codice pro scriptura indeterminate	Kode untuk naskah yang belum ditentukan	Kóði fyrir ótilgreindar skriftur	Codice per scritture non determinate			Kodas nenustatytam raštui	Kods nenoteiktiem rakstiem		Kode for ubestemt skript	Code voor onbepaald schrift			kod dla pisma nieokreślonego			Code pentru sisteme de scriere nedeterminate	Общепринятая		koda za neznano pisavo	код за неодређене списе	kod za neodređene spise	Kod för okänt skriftsystem	รหัสสำหรับอักษรที่ยังไม่ระบุแน่ชัด		код для невизначеної писемності	Mã cho chữ viết chưa xác định	不能确定		未判別文字編碼
Zzzz	Zzzz		999		Kodoù evit ar skridur na godet	coid per a alfabets no codificats	Nezařazené	kode for ukodet skript	Code für unkodierte Schriftsysteme		Code for uncoded script	Kodo por nekodita skribo	código para alfabeto no codificado			koodi koodittomalle aakkostolle	codet pour écriture non codée	Código para escrita non codificada		Kód a kódolatlan szkripthez	codice pro scriptura non codificate	Kode untuk naskah yang tidak terkodekan	Kóði fyrir ókóðaða skriftu	Codice per scritture non codificate			Kodas nekoduotam raštui	Kods nekodētiem rakstiem		Kode for ikke-kodet skript	Code voor niet-gecodeerd schrift			kod dla pisma niekodowanego			Cod pentru sisteme de scriere ne-codate	Неизвестная или недействительная письменность		koda za nekodirano pisavo	код за некодиране списе	kod za nekodirane spise	Kod för okodat skriftsystem	รหัสสำหรับอักษรที่ยังไม่ลงรหัส		код для писемності без коду	Mã cho chữ viết chưa có mã	未编码文字		未定碼文字編碼
